time,ecg,bpm,signal_type
0.0,0.0,109.00158024995746,STRESS
0.005,0.023650988403567268,109.00158024995746,STRESS
0.01,0.04733458434318604,109.00158024995746,STRESS
0.015,0.07103795843204211,109.00158024995746,STRESS
0.02,0.0947542965891597,109.00158024995746,STRESS
0.025,0.11847684390006724,109.00158024995746,STRESS
0.03,0.14218806298015765,109.00158024995746,STRESS
0.035,0.1658428475718897,109.00158024995746,STRESS
0.04,0.18934543033218337,109.00158024995746,STRESS
0.045,0.2125208757134108,109.00158024995746,STRESS
0.05,0.2350838801606748,109.00158024995746,STRESS
0.055,0.2566098977968911,109.00158024995746,STRESS
0.06,0.27651606575166887,109.00158024995746,STRESS
0.065,0.2940615029454431,109.00158024995746,STRESS
0.07,0.3083775984607809,109.00158024995746,STRESS
0.075,0.31853809852889453,109.00158024995746,STRESS
0.08,0.323675426951806,109.00158024995746,STRESS
0.085,0.32314331271358987,109.00158024995746,STRESS
0.09,0.31671657233051514,109.00158024995746,STRESS
0.095,0.3048076691032159,109.00158024995746,STRESS
0.1,0.2886681444813261,109.00158024995746,STRESS
0.105,0.2705336188788565,109.00158024995746,STRESS
0.11,0.2536666256432941,109.00158024995746,STRESS
0.115,0.24225476023530643,109.00158024995746,STRESS
0.12,0.24113433483956645,109.00158024995746,STRESS
0.125,0.2553322011774133,109.00158024995746,STRESS
0.13,0.2894488155812811,109.00158024995746,STRESS
0.135,0.3469398778674344,109.00158024995746,STRESS
0.14,0.4293859697985509,109.00158024995746,STRESS
0.145,0.5358625342245765,109.00158024995746,STRESS
0.15,0.6625296236121555,109.00158024995746,STRESS
0.155,0.8025474157924484,109.00158024995746,STRESS
0.16,0.9463882638356649,109.00158024995746,STRESS
0.165,1.0825620633195814,109.00158024995746,STRESS
0.17,1.1987064219226642,109.00158024995746,STRESS
0.17500000000000002,1.2829273780312793,109.00158024995746,STRESS
0.18,1.3252226590858607,109.00158024995746,STRESS
0.185,1.3187891738720325,109.00158024995746,STRESS
0.19,1.2610175616393318,109.00158024995746,STRESS
0.195,1.15401159678549,109.00158024995746,STRESS
0.2,1.0045349852108028,109.00158024995746,STRESS
0.20500000000000002,0.823372411954925,109.00158024995746,STRESS
0.21,0.6241811372054543,109.00158024995746,STRESS
0.215,0.42198804195726713,109.00158024995746,STRESS
0.22,0.2315406100012989,109.00158024995746,STRESS
0.225,0.06573939333636142,109.00158024995746,STRESS
0.23,-0.06563885647112283,109.00158024995746,STRESS
0.23500000000000001,-0.1567697934473658,109.00158024995746,STRESS
0.24,-0.2060787421918886,109.00158024995746,STRESS
0.245,-0.21600691709780645,109.00158024995746,STRESS
0.25,-0.19232420314809656,109.00158024995746,STRESS
0.255,-0.14312461084651834,109.00158024995746,STRESS
0.26,-0.07767195326295695,109.00158024995746,STRESS
0.265,-0.005265097060826007,109.00158024995746,STRESS
0.27,0.06573262070192368,109.00158024995746,STRESS
0.275,0.1285990600500499,109.00158024995746,STRESS
0.28,0.17864627866126476,109.00158024995746,STRESS
0.28500000000000003,0.21330511803507857,109.00158024995746,STRESS
0.29,0.23194821186757353,109.00158024995746,STRESS
0.295,0.23552603703325564,109.00158024995746,STRESS
0.3,0.22610177242864893,109.00158024995746,STRESS
0.305,0.2063666504998074,109.00158024995746,STRESS
0.31,0.17920196734024013,109.00158024995746,STRESS
0.315,0.1473319437005928,109.00158024995746,STRESS
0.32,0.11308821111435471,109.00158024995746,STRESS
0.325,0.07828594521913032,109.00158024995746,STRESS
0.33,0.044196250073981674,109.00158024995746,STRESS
0.335,0.011590400940645444,109.00158024995746,STRESS
0.34,-0.019171312177512643,109.00158024995746,STRESS
0.34500000000000003,-0.048031387287286675,109.00158024995746,STRESS
0.35000000000000003,-0.0751276506714232,109.00158024995746,STRESS
0.355,-0.10070008532159692,109.00158024995746,STRESS
0.36,-0.12501903842838416,109.00158024995746,STRESS
0.365,-0.14833651714587573,109.00158024995746,STRESS
0.37,-0.1708584749526635,109.00158024995746,STRESS
0.375,-0.19273382700565206,109.00158024995746,STRESS
0.38,-0.2140551810526245,109.00158024995746,STRESS
0.385,-0.23486654339824795,109.00158024995746,STRESS
0.39,-0.25517413661959154,109.00158024995746,STRESS
0.395,-0.2749575799290108,109.00158024995746,STRESS
0.4,-0.2941797656726527,109.00158024995746,STRESS
0.405,-0.31279465683507124,109.00158024995746,STRESS
0.41000000000000003,-0.3307528661892519,109.00158024995746,STRESS
0.41500000000000004,-0.3480052624931942,109.00158024995746,STRESS
0.42,-0.36450502784125494,109.00158024995746,STRESS
0.425,-0.38020862363404323,109.00158024995746,STRESS
0.43,-0.39507606970326875,109.00158024995746,STRESS
0.435,-0.4090708495808821,109.00158024995746,STRESS
0.44,-0.42215965753334417,109.00158024995746,STRESS
0.445,-0.4343121185415636,109.00158024995746,STRESS
0.45,-0.44550054866101035,109.00158024995746,STRESS
0.455,-0.45569978064435707,109.00158024995746,STRESS
0.46,-0.4648870549354248,109.00158024995746,STRESS
0.465,-0.4730419643213764,109.00158024995746,STRESS
0.47000000000000003,-0.4801464369881655,109.00158024995746,STRESS
0.47500000000000003,-0.48618474371805304,109.00158024995746,STRESS
0.48,-0.4911435178948661,109.00158024995746,STRESS
0.485,-0.49501178027092235,109.00158024995746,STRESS
0.49,-0.4977809633085273,109.00158024995746,STRESS
0.495,-0.49944493205986756,109.00158024995746,STRESS
0.5,-0.5,109.00158024995746,STRESS
0.505,-0.4994449391137942,109.00158024995746,STRESS
0.51,-0.49778098402454724,109.00158024995746,STRESS
0.515,-0.4950118301858662,109.00158024995746,STRESS
0.52,-0.491143626248791,109.00158024995746,STRESS
0.525,-0.4861849607354405,109.00158024995746,STRESS
0.53,-0.4801468431414736,109.00158024995746,STRESS
0.535,-0.47304267957457363,109.00158024995746,STRESS
0.54,-0.4648882430245879,109.00158024995746,STRESS
0.545,-0.4557016383556182,109.00158024995746,STRESS
0.55,-0.4455032621108559,109.00158024995746,STRESS
0.555,-0.4343157572258292,109.00158024995746,STRESS
0.56,-0.4221639627534072,109.00158024995746,STRESS
0.5650000000000001,-0.40907485871318455,109.00158024995746,STRESS
0.5700000000000001,-0.39507750618791765,109.00158024995746,STRESS
0.5750000000000001,-0.3802029827999295,109.00158024995746,STRESS
0.58,-0.364484313710611,109.00158024995746,STRESS
0.585,-0.34795639829608976,109.00158024995746,STRESS
0.59,-0.3306559326617858,109.00158024995746,STRESS
0.595,-0.3126213281678312,109.00158024995746,STRESS
0.6,-0.29389262614622585,109.00158024995746,STRESS
0.605,-0.274511408999061,109.00158024995746,STRESS
0.61,-0.25452070787518377,109.00158024995746,STRESS
0.615,-0.2339649071302858,109.00158024995746,STRESS
0.62,-0.21288964578253614,109.00158024995746,STRESS
0.625,-0.19134171618254506,109.00158024995746,STRESS
0.63,-0.16936896012264566,109.00158024995746,STRESS
0.635,-0.14702016261615214,109.00158024995746,STRESS
0.64,-0.12434494358242724,109.00158024995746,STRESS
0.645,-0.10139364767825623,109.00158024995746,STRESS
0.65,-0.07821723252011555,109.00158024995746,STRESS
0.655,-0.05486715554552245,109.00158024995746,STRESS
0.66,-0.03139525976465663,109.00158024995746,STRESS
0.665,-0.007853658655910416,109.00158024995746,STRESS
0.67,0.01570537953906438,109.00158024995746,STRESS
0.675,0.03922954786392257,109.00158024995746,STRESS
0.68,0.06266661678215209,109.00158024995746,STRESS
0.685,0.08596455013970504,109.00158024995746,STRESS
0.6900000000000001,0.10907162069827141,109.00158024995746,STRESS
0.6950000000000001,0.13193652498268646,109.00158024995746,STRESS
0.7000000000000001,0.154508497187474,109.00158024995746,STRESS
0.705,0.17673742188962832,109.00158024995746,STRESS
0.71,0.19857394531738995,109.00158024995746,STRESS
0.715,0.21996958492795748,109.00158024995746,STRESS
0.72,0.24087683705085744,109.00158024995746,STRESS
0.725,0.2612492823579741,109.00158024995746,STRESS
0.73,0.28104168892606524,109.00158024995746,STRESS
0.735,0.3002101126629419,109.00158024995746,STRESS
0.74,0.3187119948743446,109.00158024995746,STRESS
0.745,0.33650625675488666,109.00158024995746,STRESS
0.75,0.3535533905932737,109.00158024995746,STRESS
0.755,0.3698155474893047,109.00158024995746,STRESS
0.76,0.3852566213878946,109.00158024995746,STRESS
0.765,0.39984232924354524,109.00158024995746,STRESS
0.77,0.4135402871372808,109.00158024995746,STRESS
0.775,0.42632008217704614,109.00158024995746,STRESS
0.78,0.4381533400219318,109.00158024995746,STRESS
0.785,0.4490137878803077,109.00158024995746,STRESS
0.79,0.4588773128419906,109.00158024995746,STRESS
0.795,0.46772201541493363,109.00158024995746,STRESS
0.8,0.47552825814757677,109.00158024995746,STRESS
0.805,0.4822787092288991,109.00158024995746,STRESS
0.81,0.4879583809693737,109.00158024995746,STRESS
0.8150000000000001,0.49255466307738704,109.00158024995746,STRESS
0.8200000000000001,0.49605735065723894,109.00158024995746,STRESS
0.8250000000000001,0.498458666866564,109.00158024995746,STRESS
0.8300000000000001,0.4997532801828658,109.00158024995746,STRESS
0.835,0.4999383162408303,109.00158024995746,STRESS
0.84,0.4990133642141358,109.00158024995746,STRESS
0.845,0.4969804777275899,109.00158024995746,STRESS
0.85,0.49384417029756894,109.00158024995746,STRESS
0.855,0.48961140531088293,109.00158024995746,STRESS
0.86,0.48429158056431554,109.00158024995746,STRESS
0.865,0.4778965073991652,109.00158024995746,STRESS
0.87,0.47044038447711284,109.00158024995746,STRESS
0.875,0.46193976625564337,109.00158024995746,STRESS
0.88,0.45241352623301,109.00158024995746,STRESS
0.885,0.4418828150443468,109.00158024995746,STRESS
0.89,0.43037101350197177,109.00158024995746,STRESS
0.895,0.4179036806841354,109.00158024995746,STRESS
0.9,0.4045084971874738,109.00158024995746,STRESS
0.905,0.3902152036691648,109.00158024995746,STRESS
0.91,0.3750555348152301,109.00158024995746,STRESS
0.915,0.3590631488815945,109.00158024995746,STRESS
0.92,0.3422735529643442,109.00158024995746,STRESS
0.925,0.3247240241650921,109.00158024995746,STRESS
0.93,0.3064535268264883,109.00158024995746,STRESS
0.935,0.2875026260216391,109.00158024995746,STRESS
0.9400000000000001,0.26791339748949783,109.00158024995746,STRESS
0.9450000000000001,0.2477293342162038,109.00158024995746,STRESS
0.9500000000000001,0.22699524986977315,109.00158024995746,STRESS
0.9550000000000001,0.20575717930255386,109.00158024995746,STRESS
0.96,0.184062276342339,109.00158024995746,STRESS
0.965,0.16195870909907525,109.00158024995746,STRESS
0.97,0.1394955530196149,109.00158024995746,STRESS
0.975,0.11672268192795267,109.00158024995746,STRESS
0.98,0.09369065729286284,109.00158024995746,STRESS
0.985,0.07045061596879156,109.00158024995746,STRESS
0.99,0.04705415665925707,109.00158024995746,STRESS
0.995,0.023553225354821825,109.00158024995746,STRESS
1.0,1.8369701987210297e-16,109.00158024995746,STRESS
1.0050000000000001,-0.023553225354821457,109.00158024995746,STRESS
1.01,-0.04705415665925671,109.00158024995746,STRESS
1.0150000000000001,-0.07045061596879207,109.00158024995746,STRESS
1.02,-0.09369065729286248,109.00158024995746,STRESS
1.025,-0.11672268192795231,109.00158024995746,STRESS
1.03,-0.13949555301961453,109.00158024995746,STRESS
1.035,-0.16195870909907406,109.00158024995746,STRESS
1.04,-0.18406227634233863,109.00158024995746,STRESS
1.045,-0.20575717930255352,109.00158024995746,STRESS
1.05,-0.22699524986977362,109.00158024995746,STRESS
1.055,-0.24772933421620347,109.00158024995746,STRESS
1.06,-0.2679133974894983,109.00158024995746,STRESS
1.065,-0.2875026260216388,109.00158024995746,STRESS
1.07,-0.306453526826488,109.00158024995746,STRESS
1.075,-0.32472402416509183,109.00158024995746,STRESS
1.08,-0.3422735529643446,109.00158024995746,STRESS
1.085,-0.35906314888159424,109.00158024995746,STRESS
1.09,-0.3750555348152298,109.00158024995746,STRESS
1.095,-0.39021520366916457,109.00158024995746,STRESS
1.1,-0.4045084971874736,109.00158024995746,STRESS
1.105,-0.4179036806841352,109.00158024995746,STRESS
1.11,-0.43037101350197204,109.00158024995746,STRESS
1.115,-0.4418828150443466,109.00158024995746,STRESS
1.12,-0.45241352623300984,109.00158024995746,STRESS
1.125,-0.4619397662556432,109.00158024995746,STRESS
1.1300000000000001,-0.470440384477113,109.00158024995746,STRESS
1.135,-0.4778965073991651,109.00158024995746,STRESS
1.1400000000000001,-0.4842915805643157,109.00158024995746,STRESS
1.145,-0.4896114053108829,109.00158024995746,STRESS
1.1500000000000001,-0.4938441702975689,109.00158024995746,STRESS
1.155,-0.4969804777275898,109.00158024995746,STRESS
1.16,-0.4990133642141357,109.00158024995746,STRESS
1.165,-0.4999383162408303,109.00158024995746,STRESS
1.17,-0.4997532801828658,109.00158024995746,STRESS
1.175,-0.498458666866564,109.00158024995746,STRESS
1.18,-0.496057350657239,109.00158024995746,STRESS
1.185,-0.492554663077387,109.00158024995746,STRESS
1.19,-0.4879583809693739,109.00158024995746,STRESS
1.195,-0.4822787092288989,109.00158024995746,STRESS
1.2,-0.4755282581475769,109.00158024995746,STRESS
1.205,-0.46772201541493363,109.00158024995746,STRESS
1.21,-0.45887731284199074,109.00158024995746,STRESS
1.215,-0.4490137878803079,109.00158024995746,STRESS
1.22,-0.4381533400219322,109.00158024995746,STRESS
1.225,-0.42632008217704587,109.00158024995746,STRESS
1.23,-0.41354028713728097,109.00158024995746,STRESS
1.235,-0.3998423292435452,109.00158024995746,STRESS
1.24,-0.3852566213878949,109.00158024995746,STRESS
1.245,-0.3698155474893049,109.00158024995746,STRESS
1.25,-0.35355339059327423,109.00158024995746,STRESS
1.2550000000000001,-0.33650625675488627,109.00158024995746,STRESS
1.26,-0.3187119948743449,109.00158024995746,STRESS
1.2650000000000001,-0.30021011266294184,109.00158024995746,STRESS
1.27,-0.28104168892606557,109.00158024995746,STRESS
1.2750000000000001,-0.26124928235797445,109.00158024995746,STRESS
1.28,-0.24087683705085738,109.00158024995746,STRESS
1.285,-0.21996958492795782,109.00158024995746,STRESS
1.29,-0.19857394531739028,109.00158024995746,STRESS
1.295,-0.17673742188962907,109.00158024995746,STRESS
1.3,-0.15450849718747395,109.00158024995746,STRESS
1.305,-0.13193652498268724,109.00158024995746,STRESS
1.31,-0.10907162069827091,109.00158024995746,STRESS
1.315,-0.08596455013970497,109.00158024995746,STRESS
1.32,-0.062666616782152,109.00158024995746,STRESS
1.325,-0.03922954786392294,109.00158024995746,STRESS
1.33,-0.015705379539064302,109.00158024995746,STRESS
1.335,0.007853658655909604,109.00158024995746,STRESS
1.34,0.03139525976465715,109.00158024995746,STRESS
1.345,0.054867155545522524,109.00158024995746,STRESS
1.35,0.07821723252011563,109.00158024995746,STRESS
1.355,0.10139364767825587,109.00158024995746,STRESS
1.36,0.12434494358242733,109.00158024995746,STRESS
1.365,0.14702016261615136,109.00158024995746,STRESS
1.37,0.1693689601226462,109.00158024995746,STRESS
1.375,0.19134171618254486,109.00158024995746,STRESS
1.3800000000000001,0.21288964578253658,109.00158024995746,STRESS
1.385,0.23396490713028642,109.00158024995746,STRESS
1.3900000000000001,0.25452070787518566,109.00158024995746,STRESS
1.395,0.2745114089990654,109.00158024995746,STRESS
1.4000000000000001,0.29389262614623707,109.00158024995746,STRESS
1.405,0.31262132816785265,109.00158024995746,STRESS
1.41,0.3306559326618255,109.00158024995746,STRESS
1.415,0.347956398296157,109.00158024995746,STRESS
1.42,0.3644843137107052,109.00158024995746,STRESS
1.425,0.38020298280001513,109.00158024995746,STRESS
1.43,0.3950775061878451,109.00158024995746,STRESS
1.435,0.4090748587125118,109.00158024995746,STRESS
1.44,0.4221639627510073,109.00158024995746,STRESS
1.445,0.43431575721909554,109.00158024995746,STRESS
1.45,0.4455032620941836,109.00158024995746,STRESS
1.455,0.4557016383177228,109.00158024995746,STRESS
1.46,0.4648882429441257,109.00158024995746,STRESS
1.465,0.4730426794137727,109.00158024995746,STRESS
1.47,0.4801468428384714,109.00158024995746,STRESS
1.475,0.4861849601988383,109.00158024995746,STRESS
1.48,0.49114362536434425,109.00158024995746,STRESS
1.485,0.4950118288582789,109.00158024995746,STRESS
1.49,0.49778098230154,109.00158024995746,STRESS
1.495,0.499444937480985,109.00158024995746,STRESS
1.5,0.5,109.00158024995746,STRESS
1.5050000000000001,0.499444937480985,109.00158024995746,STRESS
1.51,0.49778098230154005,109.00158024995746,STRESS
1.5150000000000001,0.4950118288582787,109.00158024995746,STRESS
1.52,0.4911436253643443,109.00158024995746,STRESS
1.5250000000000001,0.4861849601988382,109.00158024995746,STRESS
1.53,0.4801468428384716,109.00158024995746,STRESS
1.5350000000000001,0.4730426794137726,109.00158024995746,STRESS
1.54,0.4648882429441259,109.00158024995746,STRESS
1.545,0.45570163831772303,109.00158024995746,STRESS
1.55,0.44550326209418384,109.00158024995746,STRESS
1.555,0.4343157572190958,109.00158024995746,STRESS
1.56,0.4221639627510076,109.00158024995746,STRESS
1.565,0.4090748587125121,109.00158024995746,STRESS
1.57,0.39507750618784543,109.00158024995746,STRESS
1.575,0.3802029828000155,109.00158024995746,STRESS
1.58,0.36448431371070555,109.00158024995746,STRESS
1.585,0.3479563982961574,109.00158024995746,STRESS
1.59,0.33065593266182597,109.00158024995746,STRESS
1.595,0.31262132816785304,109.00158024995746,STRESS
1.6,0.2938926261462368,109.00158024995746,STRESS
1.605,0.27451140899906584,109.00158024995746,STRESS
1.61,0.2545207078751854,109.00158024995746,STRESS
1.615,0.23396490713028692,109.00158024995746,STRESS
1.62,0.21288964578253627,109.00158024995746,STRESS
1.625,0.19134171618254536,109.00158024995746,STRESS
1.6300000000000001,0.16936896012264505,109.00158024995746,STRESS
1.635,0.1470201626161519,109.00158024995746,STRESS
1.6400000000000001,0.124344943582427,109.00158024995746,STRESS
1.645,0.10139364767825641,109.00158024995746,STRESS
1.6500000000000001,0.0782172325201153,109.00158024995746,STRESS
1.655,0.05486715554552307,109.00158024995746,STRESS
1.6600000000000001,0.03139525976465593,109.00158024995746,STRESS
1.665,0.007853658655910156,109.00158024995746,STRESS
1.67,-0.01570537953906375,109.00158024995746,STRESS
1.675,-0.03922954786392239,109.00158024995746,STRESS
1.68,-0.06266661678215146,109.00158024995746,STRESS
1.685,-0.08596455013970443,109.00158024995746,STRESS
1.69,-0.10907162069827037,109.00158024995746,STRESS
1.695,-0.1319365249826867,109.00158024995746,STRESS
1.7,-0.15450849718747256,109.00158024995746,STRESS
1.705,-0.17673742188962857,109.00158024995746,STRESS
1.71,-0.19857394531738978,109.00158024995746,STRESS
1.715,-0.21996958492795812,109.00158024995746,STRESS
1.72,-0.24087683705085766,109.00158024995746,STRESS
1.725,-0.26124928235797396,109.00158024995746,STRESS
1.73,-0.28104168892606435,109.00158024995746,STRESS
1.735,-0.30021011266294206,109.00158024995746,STRESS
1.74,-0.3187119948743445,109.00158024995746,STRESS
1.745,-0.3365062567548872,109.00158024995746,STRESS
1.75,-0.35355339059327384,109.00158024995746,STRESS
1.7550000000000001,-0.36981554748930456,109.00158024995746,STRESS
1.76,-0.38525662138789396,109.00158024995746,STRESS
1.7650000000000001,-0.39984232924354535,109.00158024995746,STRESS
1.77,-0.4135402871372807,109.00158024995746,STRESS
1.7750000000000001,-0.42632008217704653,109.00158024995746,STRESS
1.78,-0.4381533400219319,109.00158024995746,STRESS
1.7850000000000001,-0.44901378788030766,109.00158024995746,STRESS
1.79,-0.4588773128419902,109.00158024995746,STRESS
1.795,-0.46772201541493313,109.00158024995746,STRESS
1.8,-0.4755282581475767,109.00158024995746,STRESS
1.805,-0.4822787092288988,109.00158024995746,STRESS
1.81,-0.4879583809693738,109.00158024995746,STRESS
1.815,-0.49255466307738693,109.00158024995746,STRESS
1.82,-0.4960573506572388,109.00158024995746,STRESS
1.825,-0.49845866686656404,109.00158024995746,STRESS
1.83,-0.49975328018286574,109.00158024995746,STRESS
1.835,-0.4999383162408303,109.00158024995746,STRESS
1.84,-0.4990133642141358,109.00158024995746,STRESS
1.845,-0.49698047772758985,109.00158024995746,STRESS
1.85,-0.493844170297569,109.00158024995746,STRESS
1.855,-0.4896114053108828,109.00158024995746,STRESS
1.86,-0.4842915805643156,109.00158024995746,STRESS
1.865,-0.4778965073991653,109.00158024995746,STRESS
1.87,-0.47044038447711256,109.00158024995746,STRESS
1.875,-0.4619397662556434,109.00158024995746,STRESS
1.8800000000000001,-0.4524135262330093,109.00158024995746,STRESS
1.885,-0.44188281504434646,109.00158024995746,STRESS
1.8900000000000001,-0.4303710135019719,109.00158024995746,STRESS
1.895,-0.41790368068413547,109.00158024995746,STRESS
1.9000000000000001,-0.4045084971874734,109.00158024995746,STRESS
1.905,-0.3902152036691649,109.00158024995746,STRESS
1.9100000000000001,-0.375055534815229,109.00158024995746,STRESS
1.915,-0.359063148881594,109.00158024995746,STRESS
1.92,-0.3422735529643443,109.00158024995746,STRESS
1.925,-0.3247240241650923,109.00158024995746,STRESS
1.93,-0.3064535268264892,109.00158024995746,STRESS
1.935,-0.28750262602163923,109.00158024995746,STRESS
1.94,-0.2679133974894988,109.00158024995746,STRESS
1.945,-0.2477293342162032,109.00158024995746,STRESS
1.95,-0.22699524986977332,109.00158024995746,STRESS
1.955,-0.20575717930255483,109.00158024995746,STRESS
1.96,-0.18406227634234,109.00158024995746,STRESS
1.965,-0.1619587090990746,109.00158024995746,STRESS
1.97,-0.13949555301961505,109.00158024995746,STRESS
1.975,-0.11672268192795197,109.00158024995746,STRESS
1.98,-0.09369065729286215,109.00158024995746,STRESS
1.985,-0.07045061596879174,109.00158024995746,STRESS
1.99,-0.04705415665925814,109.00158024995746,STRESS
1.995,-0.02355322535482112,109.00158024995746,STRESS
2.0,-3.6739403974420594e-16,109.00158024995746,STRESS
2.005,0.023553225354820385,109.00158024995746,STRESS
2.0100000000000002,0.04705415665925741,109.00158024995746,STRESS
2.015,0.07045061596879101,109.00158024995746,STRESS
2.02,0.09369065729286143,109.00158024995746,STRESS
2.025,0.11672268192795127,109.00158024995746,STRESS
2.0300000000000002,0.13949555301961605,109.00158024995746,STRESS
2.035,0.16195870909907556,109.00158024995746,STRESS
2.04,0.1840622763423393,109.00158024995746,STRESS
2.045,0.20575717930255416,109.00158024995746,STRESS
2.05,0.22699524986977265,109.00158024995746,STRESS
2.055,0.2477293342162041,109.00158024995746,STRESS
2.06,0.26791339748949816,109.00158024995746,STRESS
2.065,0.2875026260216386,109.00158024995746,STRESS
2.07,0.3064535268264872,109.00158024995746,STRESS
2.075,0.3247240241650917,109.00158024995746,STRESS
2.08,0.3422735529643438,109.00158024995746,STRESS
2.085,0.3590631488815935,109.00158024995746,STRESS
2.09,0.3750555348152285,109.00158024995746,STRESS
2.095,0.39021520366916557,109.00158024995746,STRESS
2.1,0.404508497187474,109.00158024995746,STRESS
2.105,0.4179036806841351,109.00158024995746,STRESS
2.11,0.4303710135019715,109.00158024995746,STRESS
2.115,0.44188281504434695,109.00158024995746,STRESS
2.12,0.45241352623300973,109.00158024995746,STRESS
2.125,0.46193976625564315,109.00158024995746,STRESS
2.13,0.47044038447711234,109.00158024995746,STRESS
2.1350000000000002,0.47789650739916506,109.00158024995746,STRESS
2.14,0.4842915805643154,109.00158024995746,STRESS
2.145,0.48961140531088265,109.00158024995746,STRESS
2.15,0.4938441702975689,109.00158024995746,STRESS
2.1550000000000002,0.49698047772758996,109.00158024995746,STRESS
2.16,0.49901336421413583,109.00158024995746,STRESS
2.165,0.4999383162408303,109.00158024995746,STRESS
2.17,0.4997532801828658,109.00158024995746,STRESS
2.1750000000000003,0.4984586668665639,109.00158024995746,STRESS
2.18,0.4960573506572389,109.00158024995746,STRESS
2.185,0.49255466307738704,109.00158024995746,STRESS
2.19,0.48795838096937394,109.00158024995746,STRESS
2.195,0.4822787092288995,109.00158024995746,STRESS
2.2,0.47552825814757693,109.00158024995746,STRESS
2.205,0.46772201541493336,109.00158024995746,STRESS
2.21,0.45887731284199046,109.00158024995746,STRESS
2.215,0.449013787880308,109.00158024995746,STRESS
2.22,0.4381533400219314,109.00158024995746,STRESS
2.225,0.426320082177046,109.00158024995746,STRESS
2.23,0.4135402871372811,109.00158024995746,STRESS
2.235,0.3998423292435458,109.00158024995746,STRESS
2.24,0.3852566213878944,109.00158024995746,STRESS
2.245,0.369815547489305,109.00158024995746,STRESS
2.25,0.3535533905932744,109.00158024995746,STRESS
2.255,0.3365062567548877,109.00158024995746,STRESS
2.2600000000000002,0.31871199487434365,109.00158024995746,STRESS
2.265,0.3002101126629413,109.00158024995746,STRESS
2.27,0.28104168892606496,109.00158024995746,STRESS
2.275,0.2612492823579746,109.00158024995746,STRESS
2.2800000000000002,0.24087683705085675,109.00158024995746,STRESS
2.285,0.21996958492795718,109.00158024995746,STRESS
2.29,0.19857394531739045,109.00158024995746,STRESS
2.295,0.17673742188962924,109.00158024995746,STRESS
2.3000000000000003,0.15450849718747328,109.00158024995746,STRESS
2.305,0.13193652498268657,109.00158024995746,STRESS
2.31,0.10907162069827195,109.00158024995746,STRESS
2.315,0.08596455013970603,109.00158024995746,STRESS
2.32,0.06266661678215396,109.00158024995746,STRESS
2.325,0.03922954786392135,109.00158024995746,STRESS
2.33,0.015705379539063598,109.00158024995746,STRESS
2.335,-0.007853658655910308,109.00158024995746,STRESS
2.34,-0.03139525976465608,109.00158024995746,STRESS
2.345,-0.05486715554552322,109.00158024995746,STRESS
2.35,-0.07821723252011545,109.00158024995746,STRESS
2.355,-0.10139364767825569,109.00158024995746,STRESS
2.36,-0.12434494358242629,109.00158024995746,STRESS
2.365,-0.14702016261615203,109.00158024995746,STRESS
2.37,-0.16936896012264518,109.00158024995746,STRESS
2.375,-0.19134171618254386,109.00158024995746,STRESS
2.38,-0.2128896457825348,109.00158024995746,STRESS
2.3850000000000002,-0.23396490713028784,109.00158024995746,STRESS
2.39,-0.25452070787518627,109.00158024995746,STRESS
2.395,-0.274511408999066,109.00158024995746,STRESS
2.4,-0.29389262614623624,109.00158024995746,STRESS
2.4050000000000002,-0.31262132816785315,109.00158024995746,STRESS
2.41,-0.3306559326618261,109.00158024995746,STRESS
2.415,-0.3479563982961569,109.00158024995746,STRESS
2.42,-0.3644843137107051,109.00158024995746,STRESS
2.4250000000000003,-0.38020298280001563,109.00158024995746,STRESS
2.43,-0.395077506187845,109.00158024995746,STRESS
2.435,-0.40907485871251115,109.00158024995746,STRESS
2.44,-0.4221639627510067,109.00158024995746,STRESS
2.445,-0.4343157572190955,109.00158024995746,STRESS
2.45,-0.44550326209418434,109.00158024995746,STRESS
2.455,-0.45570163831772276,109.00158024995746,STRESS
2.46,-0.4648882429441256,109.00158024995746,STRESS
2.465,-0.47304267941377237,109.00158024995746,STRESS
2.47,-0.48014684283847164,109.00158024995746,STRESS
2.475,-0.4861849601988382,109.00158024995746,STRESS
2.48,-0.4911436253643442,109.00158024995746,STRESS
2.485,-0.4950118288582786,109.00158024995746,STRESS
2.49,-0.49778098230154,109.00158024995746,STRESS
2.495,-0.49944493748098495,109.00158024995746,STRESS
2.5,-0.5,109.00158024995746,STRESS
2.505,-0.499444937480985,109.00158024995746,STRESS
2.5100000000000002,-0.4977809823015399,109.00158024995746,STRESS
2.515,-0.4950118288582787,109.00158024995746,STRESS
2.52,-0.49114362536434436,109.00158024995746,STRESS
2.525,-0.48618496019883845,109.00158024995746,STRESS
2.5300000000000002,-0.48014684283847137,109.00158024995746,STRESS
2.535,-0.4730426794137727,109.00158024995746,STRESS
2.54,-0.46488824294412595,109.00158024995746,STRESS
2.545,-0.45570163831772315,109.00158024995746,STRESS
2.5500000000000003,-0.44550326209418395,109.00158024995746,STRESS
2.555,-0.43431575721909593,109.00158024995746,STRESS
2.56,-0.4221639627510072,109.00158024995746,STRESS
2.565,-0.4090748587125117,109.00158024995746,STRESS
2.57,-0.39507750618784554,109.00158024995746,STRESS
2.575,-0.3802029828000151,109.00158024995746,STRESS
2.58,-0.3644843137107057,109.00158024995746,STRESS
2.585,-0.34795639829615754,109.00158024995746,STRESS
2.59,-0.33065593266182675,109.00158024995746,STRESS
2.595,-0.3126213281678525,109.00158024995746,STRESS
2.6,-0.29389262614623696,109.00158024995746,STRESS
2.605,-0.27451140899906673,109.00158024995746,STRESS
2.61,-0.25452070787518705,109.00158024995746,STRESS
2.615,-0.2339649071302855,109.00158024995746,STRESS
2.62,-0.21288964578253564,109.00158024995746,STRESS
2.625,-0.19134171618254472,109.00158024995746,STRESS
2.63,-0.16936896012264607,109.00158024995746,STRESS
2.6350000000000002,-0.14702016261615122,109.00158024995746,STRESS
2.64,-0.12434494358242718,109.00158024995746,STRESS
2.645,-0.1013936476782566,109.00158024995746,STRESS
2.65,-0.07821723252011635,109.00158024995746,STRESS
2.6550000000000002,-0.05486715554552237,109.00158024995746,STRESS
2.66,-0.031395259764657,109.00158024995746,STRESS
2.665,-0.007853658655911228,109.00158024995746,STRESS
2.67,0.015705379539062682,109.00158024995746,STRESS
2.6750000000000003,0.03922954786392398,109.00158024995746,STRESS
2.68,0.06266661678215305,109.00158024995746,STRESS
2.685,0.08596455013970512,109.00158024995746,STRESS
2.69,0.10907162069827106,109.00158024995746,STRESS
2.695,0.13193652498268568,109.00158024995746,STRESS
2.7,0.1545084971874741,109.00158024995746,STRESS
2.705,0.17673742188962838,109.00158024995746,STRESS
2.71,0.19857394531738962,109.00158024995746,STRESS
2.715,0.21996958492795637,109.00158024995746,STRESS
2.72,0.24087683705085752,109.00158024995746,STRESS
2.725,0.2612492823579738,109.00158024995746,STRESS
2.73,0.28104168892606424,109.00158024995746,STRESS
2.735,0.3002101126629405,109.00158024995746,STRESS
2.74,0.3187119948743457,109.00158024995746,STRESS
2.745,0.33650625675488705,109.00158024995746,STRESS
2.75,0.35355339059327373,109.00158024995746,STRESS
2.755,0.36981554748930445,109.00158024995746,STRESS
2.7600000000000002,0.38525662138789496,109.00158024995746,STRESS
2.765,0.39984232924354524,109.00158024995746,STRESS
2.77,0.4135402871372806,109.00158024995746,STRESS
2.775,0.4263200821770455,109.00158024995746,STRESS
2.7800000000000002,0.4381533400219318,109.00158024995746,STRESS
2.785,0.44901378788030755,109.00158024995746,STRESS
2.79,0.4588773128419901,109.00158024995746,STRESS
2.795,0.4677220154149331,109.00158024995746,STRESS
2.8000000000000003,0.47552825814757715,109.00158024995746,STRESS
2.805,0.4822787092288992,109.00158024995746,STRESS
2.81,0.4879583809693737,109.00158024995746,STRESS
2.815,0.4925546630773869,109.00158024995746,STRESS
2.82,0.49605735065723877,109.00158024995746,STRESS
2.825,0.498458666866564,109.00158024995746,STRESS
2.83,0.49975328018286574,109.00158024995746,STRESS
2.835,0.4999383162408303,109.00158024995746,STRESS
2.84,0.4990133642141359,109.00158024995746,STRESS
2.845,0.4969804777275899,109.00158024995746,STRESS
2.85,0.493844170297569,109.00158024995746,STRESS
2.855,0.4896114053108828,109.00158024995746,STRESS
2.86,0.48429158056431565,109.00158024995746,STRESS
2.865,0.47789650739916484,109.00158024995746,STRESS
2.87,0.47044038447711267,109.00158024995746,STRESS
2.875,0.4619397662556435,109.00158024995746,STRESS
2.88,0.4524135262330101,109.00158024995746,STRESS
2.8850000000000002,0.44188281504434657,109.00158024995746,STRESS
2.89,0.43037101350197193,109.00158024995746,STRESS
2.895,0.4179036806841356,109.00158024995746,STRESS
2.9,0.40450849718747456,109.00158024995746,STRESS
2.9050000000000002,0.390215203669165,109.00158024995746,STRESS
2.91,0.37505553481522913,109.00158024995746,STRESS
2.915,0.35906314888159413,109.00158024995746,STRESS
2.92,0.3422735529643445,109.00158024995746,STRESS
2.9250000000000003,0.32472402416509105,109.00158024995746,STRESS
2.93,0.3064535268264879,109.00158024995746,STRESS
2.935,0.2875026260216394,109.00158024995746,STRESS
2.94,0.26791339748949894,109.00158024995746,STRESS
2.945,0.24772933421620488,109.00158024995746,STRESS
2.95,0.22699524986977349,109.00158024995746,STRESS
2.955,0.205757179302555,109.00158024995746,STRESS
2.96,0.18406227634234015,109.00158024995746,STRESS
2.965,0.16195870909907645,109.00158024995746,STRESS
2.97,0.13949555301961353,109.00158024995746,STRESS
2.975,0.11672268192795215,109.00158024995746,STRESS
2.98,0.09369065729286233,109.00158024995746,STRESS
2.985,0.07045061596879192,109.00158024995746,STRESS
2.99,0.04705415665925656,109.00158024995746,STRESS
2.995,0.023553225354821305,109.00158024995746,STRESS
3.0,5.51091059616309e-16,109.00158024995746,STRESS
3.005,-0.0235532253548202,109.00158024995746,STRESS
3.0100000000000002,-0.047054156659257225,109.00158024995746,STRESS
3.015,-0.07045061596879082,109.00158024995746,STRESS
3.02,-0.09369065729286125,109.00158024995746,STRESS
3.025,-0.11672268192795109,109.00158024995746,STRESS
3.0300000000000002,-0.1394955530196159,109.00158024995746,STRESS
3.035,-0.1619587090990754,109.00158024995746,STRESS
3.04,-0.18406227634233913,109.00158024995746,STRESS
3.045,-0.205757179302554,109.00158024995746,STRESS
3.0500000000000003,-0.2269952498697741,109.00158024995746,STRESS
3.055,-0.24772933421620394,109.00158024995746,STRESS
3.06,-0.267913397489498,109.00158024995746,STRESS
3.065,-0.2875026260216385,109.00158024995746,STRESS
3.0700000000000003,-0.3064535268264884,109.00158024995746,STRESS
3.075,-0.32472402416509155,109.00158024995746,STRESS
3.08,-0.34227355296434364,109.00158024995746,STRESS
3.085,-0.35906314888159335,109.00158024995746,STRESS
3.09,-0.3750555348152284,109.00158024995746,STRESS
3.095,-0.3902152036691654,109.00158024995746,STRESS
3.1,-0.4045084971874739,109.00158024995746,STRESS
3.105,-0.41790368068413497,109.00158024995746,STRESS
3.11,-0.4303710135019714,109.00158024995746,STRESS
3.115,-0.4418828150443469,109.00158024995746,STRESS
3.12,-0.4524135262330097,109.00158024995746,STRESS
3.125,-0.4619397662556431,109.00158024995746,STRESS
3.13,-0.4704403844771123,109.00158024995746,STRESS
3.1350000000000002,-0.477896507399165,109.00158024995746,STRESS
3.14,-0.48429158056431537,109.00158024995746,STRESS
3.145,-0.4896114053108826,109.00158024995746,STRESS
3.15,-0.49384417029756883,109.00158024995746,STRESS
3.1550000000000002,-0.49698047772758996,109.00158024995746,STRESS
3.16,-0.49901336421413583,109.00158024995746,STRESS
3.165,-0.4999383162408303,109.00158024995746,STRESS
3.17,-0.4997532801828658,109.00158024995746,STRESS
3.1750000000000003,-0.4984586668665639,109.00158024995746,STRESS
3.18,-0.49605735065723894,109.00158024995746,STRESS
3.185,-0.49255466307738704,109.00158024995746,STRESS
3.19,-0.48795838096937394,109.00158024995746,STRESS
3.1950000000000003,-0.48227870922889904,109.00158024995746,STRESS
3.2,-0.475528258147577,109.00158024995746,STRESS
3.205,-0.46772201541493347,109.00158024995746,STRESS
3.21,-0.45887731284199057,109.00158024995746,STRESS
3.215,-0.44901378788030805,109.00158024995746,STRESS
3.22,-0.43815334002193146,109.00158024995746,STRESS
3.225,-0.4263200821770461,109.00158024995746,STRESS
3.23,-0.4135402871372812,109.00158024995746,STRESS
3.235,-0.3998423292435459,109.00158024995746,STRESS
3.24,-0.38525662138789457,109.00158024995746,STRESS
3.245,-0.3698155474893052,109.00158024995746,STRESS
3.25,-0.3535533905932745,109.00158024995746,STRESS
3.255,-0.3365062567548879,109.00158024995746,STRESS
3.2600000000000002,-0.3187119948743438,109.00158024995746,STRESS
3.265,-0.3002101126629414,109.00158024995746,STRESS
3.27,-0.2810416889260651,109.00158024995746,STRESS
3.275,-0.26124928235797473,109.00158024995746,STRESS
3.2800000000000002,-0.2408768370508569,109.00158024995746,STRESS
3.285,-0.21996958492795735,109.00158024995746,STRESS
3.29,-0.19857394531739062,109.00158024995746,STRESS
3.295,-0.17673742188962943,109.00158024995746,STRESS
3.3000000000000003,-0.15450849718747345,109.00158024995746,STRESS
3.305,-0.13193652498268674,109.00158024995746,STRESS
3.31,-0.10907162069827213,109.00158024995746,STRESS
3.315,-0.0859645501397062,109.00158024995746,STRESS
3.3200000000000003,-0.06266661678215062,109.00158024995746,STRESS
3.325,-0.039229547863921535,109.00158024995746,STRESS
3.33,-0.01570537953906378,109.00158024995746,STRESS
3.335,0.007853658655910124,109.00158024995746,STRESS
3.34,0.031395259764655896,109.00158024995746,STRESS
3.345,0.05486715554552304,109.00158024995746,STRESS
3.35,0.07821723252011527,109.00158024995746,STRESS
3.355,0.10139364767825551,109.00158024995746,STRESS
3.36,0.1243449435824261,109.00158024995746,STRESS
3.365,0.14702016261615186,109.00158024995746,STRESS
3.37,0.16936896012264502,109.00158024995746,STRESS
3.375,0.1913417161825437,109.00158024995746,STRESS
3.38,0.21288964578253464,109.00158024995746,STRESS
3.3850000000000002,0.23396490713028767,109.00158024995746,STRESS
3.39,0.2545207078751861,109.00158024995746,STRESS
3.395,0.27451140899906584,109.00158024995746,STRESS
3.4,0.2938926261462346,109.00158024995746,STRESS
3.4050000000000002,0.31262132816785165,109.00158024995746,STRESS
3.41,0.3306559326618259,109.00158024995746,STRESS
3.415,0.347956398296158,109.00158024995746,STRESS
3.42,0.364484313710705,109.00158024995746,STRESS
3.4250000000000003,0.3802029828000155,109.00158024995746,STRESS
3.43,0.39507750618784593,109.00158024995746,STRESS
3.435,0.4090748587125111,109.00158024995746,STRESS
3.44,0.4221639627510076,109.00158024995746,STRESS
3.4450000000000003,0.43431575721909627,109.00158024995746,STRESS
3.45,0.44550326209418345,109.00158024995746,STRESS
3.455,0.45570163831772265,109.00158024995746,STRESS
3.46,0.4648882429441249,109.00158024995746,STRESS
3.465,0.4730426794137723,109.00158024995746,STRESS
3.47,0.4801468428384716,109.00158024995746,STRESS
3.475,0.4861849601988386,109.00158024995746,STRESS
3.48,0.49114362536434414,109.00158024995746,STRESS
3.485,0.4950118288582788,109.00158024995746,STRESS
3.49,0.49778098230154016,109.00158024995746,STRESS
3.495,0.49944493748098495,109.00158024995746,STRESS
3.5,0.5,109.00158024995746,STRESS
3.505,0.49944493748098506,109.00158024995746,STRESS
3.5100000000000002,0.4977809823015401,109.00158024995746,STRESS
3.515,0.49501182885827877,109.00158024995746,STRESS
3.52,0.49114362536434475,109.00158024995746,STRESS
3.525,0.4861849601988385,109.00158024995746,STRESS
3.5300000000000002,0.4801468428384714,109.00158024995746,STRESS
3.535,0.47304267941377215,109.00158024995746,STRESS
3.54,0.464888242944126,109.00158024995746,STRESS
3.545,0.4557016383177225,109.00158024995746,STRESS
3.5500000000000003,0.44550326209418323,109.00158024995746,STRESS
3.555,0.434315757219096,109.00158024995746,STRESS
3.56,0.4221639627510073,109.00158024995746,STRESS
3.565,0.4090748587125128,109.00158024995746,STRESS
3.5700000000000003,0.39507750618784565,109.00158024995746,STRESS
3.575,0.3802029828000152,109.00158024995746,STRESS
3.58,0.36448431371070705,109.00158024995746,STRESS
3.585,0.34795639829615765,109.00158024995746,STRESS
3.59,0.33065593266182824,109.00158024995746,STRESS
3.595,0.31262132816785126,109.00158024995746,STRESS
3.6,0.2938926261462371,109.00158024995746,STRESS
3.605,0.2745114089990654,109.00158024995746,STRESS
3.61,0.2545207078751872,109.00158024995746,STRESS
3.615,0.23396490713028723,109.00158024995746,STRESS
3.62,0.2128896457825358,109.00158024995746,STRESS
3.625,0.19134171618254653,109.00158024995746,STRESS
3.63,0.16936896012264624,109.00158024995746,STRESS
3.6350000000000002,0.1470201626161514,109.00158024995746,STRESS
3.64,0.12434494358242908,109.00158024995746,STRESS
3.645,0.10139364767825677,109.00158024995746,STRESS
3.65,0.07821723252011478,109.00158024995746,STRESS
3.6550000000000002,0.05486715554552078,109.00158024995746,STRESS
3.66,0.03139525976465718,109.00158024995746,STRESS
3.665,0.007853658655909635,109.00158024995746,STRESS
3.67,-0.015705379539062498,109.00158024995746,STRESS
3.6750000000000003,-0.03922954786392202,109.00158024995746,STRESS
3.68,-0.06266661678215286,109.00158024995746,STRESS
3.685,-0.0859645501397032,109.00158024995746,STRESS
3.69,-0.10907162069827088,109.00158024995746,STRESS
3.6950000000000003,-0.1319365249826872,109.00158024995746,STRESS
3.7,-0.15450849718747223,109.00158024995746,STRESS
3.705,-0.1767374218896282,109.00158024995746,STRESS
3.71,-0.19857394531739106,109.00158024995746,STRESS
3.715,-0.2199695849279562,109.00158024995746,STRESS
3.72,-0.24087683705085736,109.00158024995746,STRESS
3.725,-0.2612492823579752,109.00158024995746,STRESS
3.73,-0.28104168892606407,109.00158024995746,STRESS
3.735,-0.3002101126629418,109.00158024995746,STRESS
3.74,-0.31871199487434554,109.00158024995746,STRESS
3.745,-0.3365062567548856,109.00158024995746,STRESS
3.75,-0.35355339059327356,109.00158024995746,STRESS
3.755,-0.3698155474893031,109.00158024995746,STRESS
3.7600000000000002,-0.38525662138789596,109.00158024995746,STRESS
3.765,-0.3998423292435451,109.00158024995746,STRESS
3.77,-0.41354028713728147,109.00158024995746,STRESS
3.775,-0.4263200821770454,109.00158024995746,STRESS
3.7800000000000002,-0.43815334002193174,109.00158024995746,STRESS
3.785,-0.44901378788030827,109.00158024995746,STRESS
3.79,-0.45887731284199007,109.00158024995746,STRESS
3.795,-0.46772201541493363,109.00158024995746,STRESS
3.8000000000000003,-0.4755282581475771,109.00158024995746,STRESS
3.805,-0.4822787092288987,109.00158024995746,STRESS
3.81,-0.48795838096937366,109.00158024995746,STRESS
3.815,-0.49255466307738655,109.00158024995746,STRESS
3.8200000000000003,-0.4960573506572392,109.00158024995746,STRESS
3.825,-0.498458666866564,109.00158024995746,STRESS
3.83,-0.4997532801828658,109.00158024995746,STRESS
3.835,-0.4999383162408303,109.00158024995746,STRESS
3.84,-0.4990133642141358,109.00158024995746,STRESS
3.845,-0.4969804777275897,109.00158024995746,STRESS
3.85,-0.49384417029756905,109.00158024995746,STRESS
3.855,-0.4896114053108829,109.00158024995746,STRESS
3.86,-0.48429158056431615,109.00158024995746,STRESS
3.865,-0.4778965073991654,109.00158024995746,STRESS
3.87,-0.4704403844771127,109.00158024995746,STRESS
3.875,-0.46193976625564426,109.00158024995746,STRESS
3.88,-0.45241352623301023,109.00158024995746,STRESS
3.8850000000000002,-0.4418828150443466,109.00158024995746,STRESS
3.89,-0.43037101350197116,109.00158024995746,STRESS
3.895,-0.4179036806841357,109.00158024995746,STRESS
3.9,-0.4045084971874736,109.00158024995746,STRESS
3.9050000000000002,-0.390215203669164,109.00158024995746,STRESS
3.91,-0.3750555348152304,109.00158024995746,STRESS
3.915,-0.35906314888159424,109.00158024995746,STRESS
3.92,-0.3422735529643459,109.00158024995746,STRESS
3.9250000000000003,-0.32472402416509255,109.00158024995746,STRESS
3.93,-0.306453526826488,109.00158024995746,STRESS
3.935,-0.287502626021641,109.00158024995746,STRESS
3.94,-0.26791339748949905,109.00158024995746,STRESS
3.9450000000000003,-0.2477293342162035,109.00158024995746,STRESS
3.95,-0.22699524986977207,109.00158024995746,STRESS
3.955,-0.20575717930255516,109.00158024995746,STRESS
3.96,-0.18406227634233865,109.00158024995746,STRESS
3.9650000000000003,-0.16195870909907326,109.00158024995746,STRESS
3.97,-0.13949555301961541,109.00158024995746,STRESS
3.975,-0.11672268192795233,109.00158024995746,STRESS
3.98,-0.09369065729286426,109.00158024995746,STRESS
3.985,-0.0704506159687921,109.00158024995746,STRESS
3.99,-0.04705415665925674,109.00158024995746,STRESS
3.995,-0.02355322535482326,109.00158024995746,STRESS
4.0,-7.347880794884119e-16,109.00158024995746,STRESS
4.005,0.023553225354821794,109.00158024995746,STRESS
4.01,0.047054156659255275,109.00158024995746,STRESS
4.015,0.07045061596879064,109.00158024995746,STRESS
4.0200000000000005,0.09369065729286281,109.00158024995746,STRESS
4.025,0.11672268192795436,109.00158024995746,STRESS
4.03,0.139495553019614,109.00158024995746,STRESS
4.035,0.16195870909907523,109.00158024995746,STRESS
4.04,0.1840622763423373,109.00158024995746,STRESS
4.045,0.20575717930255383,109.00158024995746,STRESS
4.05,0.22699524986977077,109.00158024995746,STRESS
4.055,0.24772933421620225,109.00158024995746,STRESS
4.0600000000000005,0.2679133974895008,109.00158024995746,STRESS
4.065,0.2875026260216398,109.00158024995746,STRESS
4.07,0.3064535268264897,109.00158024995746,STRESS
4.075,0.32472402416509144,109.00158024995746,STRESS
4.08,0.3422735529643448,109.00158024995746,STRESS
4.085,0.35906314888159324,109.00158024995746,STRESS
4.09,0.37505553481522946,109.00158024995746,STRESS
4.095,0.39021520366916307,109.00158024995746,STRESS
4.1,0.4045084971874727,109.00158024995746,STRESS
4.105,0.4179036806841349,109.00158024995746,STRESS
4.11,0.4303710135019722,109.00158024995746,STRESS
4.115,0.4418828150443476,109.00158024995746,STRESS
4.12,0.4524135262330096,109.00158024995746,STRESS
4.125,0.4619397662556437,109.00158024995746,STRESS
4.13,0.47044038447711223,109.00158024995746,STRESS
4.135,0.47789650739916495,109.00158024995746,STRESS
4.14,0.48429158056431487,109.00158024995746,STRESS
4.1450000000000005,0.4896114053108833,109.00158024995746,STRESS
4.15,0.49384417029756883,109.00158024995746,STRESS
4.155,0.49698047772758996,109.00158024995746,STRESS
4.16,0.49901336421413567,109.00158024995746,STRESS
4.165,0.4999383162408303,109.00158024995746,STRESS
4.17,0.49975328018286586,109.00158024995746,STRESS
4.175,0.4984586668665641,109.00158024995746,STRESS
4.18,0.4960573506572394,109.00158024995746,STRESS
4.1850000000000005,0.49255466307738677,109.00158024995746,STRESS
4.19,0.4879583809693732,109.00158024995746,STRESS
4.195,0.4822787092288991,109.00158024995746,STRESS
4.2,0.4755282581475765,109.00158024995746,STRESS
4.205,0.46772201541493413,109.00158024995746,STRESS
4.21,0.4588773128419906,109.00158024995746,STRESS
4.215,0.44901378788030893,109.00158024995746,STRESS
4.22,0.4381533400219324,109.00158024995746,STRESS
4.225,0.42632008217704803,109.00158024995746,STRESS
4.23,0.4135402871372803,109.00158024995746,STRESS
4.235,0.3998423292435439,109.00158024995746,STRESS
4.24,0.3852566213878947,109.00158024995746,STRESS
4.245,0.36981554748930406,109.00158024995746,STRESS
4.25,0.3535533905932746,109.00158024995746,STRESS
4.255,0.33650625675488666,109.00158024995746,STRESS
4.26,0.3187119948743467,109.00158024995746,STRESS
4.265,0.30021011266294295,109.00158024995746,STRESS
4.2700000000000005,0.2810416889260653,109.00158024995746,STRESS
4.275,0.2612492823579734,109.00158024995746,STRESS
4.28,0.24087683705085863,109.00158024995746,STRESS
4.285,0.2199695849279575,109.00158024995746,STRESS
4.29,0.19857394531739242,109.00158024995746,STRESS
4.295,0.1767374218896296,109.00158024995746,STRESS
4.3,0.15450849718747361,109.00158024995746,STRESS
4.305,0.13193652498268862,109.00158024995746,STRESS
4.3100000000000005,0.10907162069826884,109.00158024995746,STRESS
4.315,0.08596455013970464,109.00158024995746,STRESS
4.32,0.0626666167821508,109.00158024995746,STRESS
4.325,0.039229547863923485,109.00158024995746,STRESS
4.33,0.015705379539063966,109.00158024995746,STRESS
4.335,-0.007853658655908166,109.00158024995746,STRESS
4.34,-0.031395259764655715,109.00158024995746,STRESS
4.345,-0.054867155545519325,109.00158024995746,STRESS
4.3500000000000005,-0.07821723252011684,109.00158024995746,STRESS
4.355,-0.10139364767825881,109.00158024995746,STRESS
4.36,-0.12434494358242765,109.00158024995746,STRESS
4.365,-0.1470201626161534,109.00158024995746,STRESS
4.37,-0.16936896012264485,109.00158024995746,STRESS
4.375,-0.19134171618254517,109.00158024995746,STRESS
4.38,-0.21288964578253447,109.00158024995746,STRESS
4.385,-0.23396490713028595,109.00158024995746,STRESS
4.39,-0.2545207078751829,109.00158024995746,STRESS
4.3950000000000005,-0.2745114089990672,109.00158024995746,STRESS
4.4,-0.2938926261462359,109.00158024995746,STRESS
4.405,-0.3126213281678529,109.00158024995746,STRESS
4.41,-0.33065593266182713,109.00158024995746,STRESS
4.415,-0.3479563982961566,109.00158024995746,STRESS
4.42,-0.36448431371070605,109.00158024995746,STRESS
4.425,-0.38020298280001424,109.00158024995746,STRESS
4.43,-0.3950775061878447,109.00158024995746,STRESS
4.4350000000000005,-0.409074858712512,109.00158024995746,STRESS
4.44,-0.4221639627510084,109.00158024995746,STRESS
4.445,-0.43431575721909527,109.00158024995746,STRESS
4.45,-0.44550326209418417,109.00158024995746,STRESS
4.455,-0.45570163831772187,109.00158024995746,STRESS
4.46,-0.46488824294412545,109.00158024995746,STRESS
4.465,-0.4730426794137717,109.00158024995746,STRESS
4.47,-0.48014684283847103,109.00158024995746,STRESS
4.4750000000000005,-0.486184960198839,109.00158024995746,STRESS
4.48,-0.49114362536434447,109.00158024995746,STRESS
4.485,-0.49501182885827905,109.00158024995746,STRESS
4.49,-0.49778098230153994,109.00158024995746,STRESS
4.495,-0.499444937480985,109.00158024995746,STRESS
4.5,-0.5,109.00158024995746,STRESS
4.505,-0.499444937480985,109.00158024995746,STRESS
4.51,-0.4977809823015403,109.00158024995746,STRESS
4.515,-0.49501182885827905,109.00158024995746,STRESS
4.5200000000000005,-0.49114362536434375,109.00158024995746,STRESS
4.525,-0.4861849601988381,109.00158024995746,STRESS
4.53,-0.480146842838471,109.00158024995746,STRESS
4.535,-0.4730426794137728,109.00158024995746,STRESS
4.54,-0.4648882429441254,109.00158024995746,STRESS
4.545,-0.45570163831772326,109.00158024995746,STRESS
4.55,-0.4455032620941841,109.00158024995746,STRESS
4.555,-0.434315757219097,109.00158024995746,STRESS
4.5600000000000005,-0.4221639627510065,109.00158024995746,STRESS
4.565,-0.4090748587125119,109.00158024995746,STRESS
4.57,-0.39507750618784465,109.00158024995746,STRESS
4.575,-0.38020298280001646,109.00158024995746,STRESS
4.58,-0.364484313710706,109.00158024995746,STRESS
4.585,-0.3479563982961591,109.00158024995746,STRESS
4.59,-0.330655932661827,109.00158024995746,STRESS
4.595,-0.3126213281678528,109.00158024995746,STRESS
4.6000000000000005,-0.2938926261462358,109.00158024995746,STRESS
4.605,-0.27451140899906407,109.00158024995746,STRESS
4.61,-0.2545207078751858,109.00158024995746,STRESS
4.615,-0.23396490713028584,109.00158024995746,STRESS
4.62,-0.21288964578253758,109.00158024995746,STRESS
4.625,-0.19134171618254506,109.00158024995746,STRESS
4.63,-0.16936896012264807,109.00158024995746,STRESS
4.635,-0.14702016261615325,109.00158024995746,STRESS
4.64,-0.12434494358243098,109.00158024995746,STRESS
4.6450000000000005,-0.1013936476782552,109.00158024995746,STRESS
4.65,-0.07821723252011321,109.00158024995746,STRESS
4.655,-0.05486715554552273,109.00158024995746,STRESS
4.66,-0.03139525976465559,109.00158024995746,STRESS
4.665,-0.007853658655911594,109.00158024995746,STRESS
4.67,0.015705379539064087,109.00158024995746,STRESS
4.675,0.039229547863920064,109.00158024995746,STRESS
4.68,0.06266661678215092,109.00158024995746,STRESS
4.6850000000000005,0.08596455013970476,109.00158024995746,STRESS
4.69,0.10907162069827243,109.00158024995746,STRESS
4.695,0.13193652498268532,109.00158024995746,STRESS
4.7,0.15450849718747373,109.00158024995746,STRESS
4.705,0.1767374218896297,109.00158024995746,STRESS
4.71,0.19857394531738926,109.00158024995746,STRESS
4.715,0.21996958492795762,109.00158024995746,STRESS
4.72,0.24087683705085564,109.00158024995746,STRESS
4.7250000000000005,0.2612492823579765,109.00158024995746,STRESS
4.73,0.2810416889260654,109.00158024995746,STRESS
4.735,0.30021011266294306,109.00158024995746,STRESS
4.74,0.31871199487434404,109.00158024995746,STRESS
4.745,0.33650625675488677,109.00158024995746,STRESS
4.75,0.3535533905932722,109.00158024995746,STRESS
4.755,0.3698155474893042,109.00158024995746,STRESS
4.76,0.38525662138789246,109.00158024995746,STRESS
4.765,0.39984232924354396,109.00158024995746,STRESS
4.7700000000000005,0.41354028713728236,109.00158024995746,STRESS
4.775,0.4263200821770462,109.00158024995746,STRESS
4.78,0.43815334002193246,109.00158024995746,STRESS
4.785,0.44901378788030744,109.00158024995746,STRESS
4.79,0.4588773128419907,109.00158024995746,STRESS
4.795,0.4677220154149329,109.00158024995746,STRESS
4.8,0.4755282581475765,109.00158024995746,STRESS
4.805,0.4822787092288982,109.00158024995746,STRESS
4.8100000000000005,0.48795838096937405,109.00158024995746,STRESS
4.815,0.49255466307738743,109.00158024995746,STRESS
4.82,0.49605735065723894,109.00158024995746,STRESS
4.825,0.4984586668665641,109.00158024995746,STRESS
4.83,0.49975328018286574,109.00158024995746,STRESS
4.835,0.4999383162408303,109.00158024995746,STRESS
4.84,0.4990133642141359,109.00158024995746,STRESS
4.845,0.4969804777275899,109.00158024995746,STRESS
4.8500000000000005,0.4938441702975688,109.00158024995746,STRESS
4.855,0.48961140531088254,109.00158024995746,STRESS
4.86,0.48429158056431576,109.00158024995746,STRESS
4.865,0.4778965073991649,109.00158024995746,STRESS
4.87,0.4704403844771134,109.00158024995746,STRESS
4.875,0.46193976625564365,109.00158024995746,STRESS
4.88,0.45241352623301107,109.00158024995746,STRESS
4.885,0.44188281504434757,109.00158024995746,STRESS
4.89,0.43037101350197215,109.00158024995746,STRESS
4.8950000000000005,0.4179036806841348,109.00158024995746,STRESS
4.9,0.40450849718747267,109.00158024995746,STRESS
4.905,0.39021520366916523,109.00158024995746,STRESS
4.91,0.37505553481522935,109.00158024995746,STRESS
4.915,0.35906314888159563,109.00158024995746,STRESS
4.92,0.3422735529643447,109.00158024995746,STRESS
4.925,0.32472402416509405,109.00158024995746,STRESS
4.93,0.3064535268264896,109.00158024995746,STRESS
4.9350000000000005,0.2875026260216368,109.00158024995746,STRESS
4.94,0.2679133974894977,109.00158024995746,STRESS
4.945,0.24772933421620214,109.00158024995746,STRESS
4.95,0.22699524986977382,109.00158024995746,STRESS
4.955,0.20575717930255372,109.00158024995746,STRESS
4.96,0.1840622763423405,109.00158024995746,STRESS
4.965,0.16195870909907512,109.00158024995746,STRESS
4.97,0.1394955530196173,109.00158024995746,STRESS
4.9750000000000005,0.1167226819279508,109.00158024995746,STRESS
4.98,0.09369065729286269,109.00158024995746,STRESS
4.985,0.07045061596879053,109.00158024995746,STRESS
4.99,0.04705415665925869,109.00158024995746,STRESS
4.995,0.02355322535482167,109.00158024995746,STRESS
