Time,ECG
0.0,-0.003577202507515424
0.004001600640256103,0.009363600187563659
0.008003201280512205,0.0026419440281735115
0.012004801920768308,-0.04205566305531862
0.01600640256102441,-0.029402126073101036
0.020008003201280513,0.0024384547061940807
0.024009603841536616,-0.004464292796650628
0.028011204481792718,0.032552550116441516
0.03201280512204882,0.024653626988706913
0.03601440576230493,0.00774442244732901
0.040016006402561026,-0.005576114872274475
0.044017607042817125,-0.021001416710054045
0.04801920768307323,-0.015587161988853794
0.05202080832332934,0.006582199227964504
0.056022408963585436,0.0039135955256759895
0.060024009603841535,0.02639664391581183
0.06402561024409764,-0.031024885281559344
0.06802721088435375,0.02055401262324159
0.07202881152460985,-0.02948791836527151
0.07603041216486595,-0.045235030372950076
0.08003201280512205,-0.031063251546927975
0.08403361344537816,0.0019711912834019588
0.08803521408563425,0.04174656737256839
0.09203681472589036,0.007899110383628222
0.09603841536614646,-0.0011967550673762407
0.10004001600640257,-0.0027231959261856797
0.10404161664665867,0.03249144012716945
0.10804321728691477,-0.009840187294163588
0.11204481792717087,-0.018013155715945098
0.11604641856742698,0.03690771568904949
0.12004801920768307,0.029197085231613747
0.12404961984793918,-0.009127481821928107
0.12805122048819528,-0.009478794873465549
0.13205282112845138,0.03756661816982061
0.1360544217687075,0.004688949365030849
0.1400560224089636,0.017365557328690707
0.1440576230492197,0.01699572432255586
0.1480592236894758,0.032113243807582785
0.1520608243297319,0.018985541429886944
0.156062424969988,0.009378644305259677
0.1600640256102441,-0.0009029895694864579
0.1640656262505002,-0.030711452685063857
0.16806722689075632,0.05553724251395252
0.1720688275310124,-0.006234841222652873
0.1760704281712685,-0.0034294192587483036
0.18007202881152462,0.006259440290199562
0.1840736294517807,0.01627062810408528
0.18807523009203683,-0.0046289221304305975
0.19207683073229292,0.011075788296131145
0.19607843137254902,0.01296761380157764
0.20008003201280514,0.013215875266059753
0.20408163265306123,-0.010751741773483973
0.20808323329331735,0.016655097082582424
0.21208483393357344,0.008336096230340187
0.21608643457382953,-0.004853717344615413
0.22008803521408565,0.019725973956875285
0.22408963585434175,0.01479501767832343
0.22809123649459784,0.01690567145106993
0.23209283713485396,0.01402180580403108
0.23609443777511005,0.039310229662256044
0.24009603841536614,0.029029771672983304
0.24409763905562226,0.03175075346029222
0.24809923969587835,0.02015148390008642
0.25210084033613445,0.021821678424503964
0.25610244097639057,0.009274289716563276
0.2601040416166467,0.02717398688655431
0.26410564225690275,0.0071648978169154155
0.26810724289715887,0.004007197615192547
0.272108843537415,0.05489066933958901
0.27611044417767105,-0.015872544813440036
0.2801120448179272,0.032203105116447445
0.2841136454581833,0.05173734398286489
0.2881152460984394,0.036898652123313294
0.2921168467386955,0.0145128562280648
0.2961184473789516,0.013022882269324068
0.3001200480192077,0.014986570649377697
0.3041216486594638,0.005825970016742612
0.3081232492997199,0.01046746294094979
0.312124849939976,0.01959873080598972
0.3161264505802321,0.03706251711367712
0.3201280512204882,0.020279465630057888
0.32412965186074433,0.03176642962066904
0.3281312525010004,0.0387269858115908
0.3321328531412565,0.01924735542940015
0.33613445378151263,0.015979367420858932
0.3401360544217687,-0.006396272521664904
0.3441376550620248,-0.0034977634350144733
0.34813925570228094,0.01975600233928119
0.352140856342537,0.012110683472592237
0.3561424569827931,0.00565165082902905
0.36014405762304924,0.03599660792521428
0.36414565826330536,0.012042181524438538
0.3681472589035614,0.013283542964293207
0.37214885954381755,0.017035646860794208
0.37615046018407367,0.026685645078538524
0.38015206082432973,-0.030713122888308943
0.38415366146458585,0.021830110903434823
0.38815526210484197,0.003390099006523548
0.39215686274509803,0.02758004275777516
0.39615846338535415,-0.007187636483557268
0.4001600640256103,-0.00350014857415854
0.40416166466586634,0.011173947098761794
0.40816326530612246,0.040908984375989096
0.4121648659463786,-0.014121510535523372
0.4161664665866347,0.02535592234349892
0.42016806722689076,0.02625917810433775
0.4241696678671469,0.032432815593947215
0.428171268507403,0.06332867837192054
0.43217286914765907,0.0768809944566304
0.4361744697879152,0.13579690549793966
0.4401760704281713,0.13268002995959796
0.44417767106842737,0.1737989775272823
0.4481792717086835,0.20965358460471614
0.4521808723489396,0.24527034768856765
0.4561824729891957,0.27245073698684374
0.4601840736294518,0.33025638787528866
0.4641856742697079,0.40394130486028107
0.468187274909964,0.46927221296040955
0.4721888755502201,0.5281142859894786
0.4761904761904762,0.5927763384931404
0.4801920768307323,0.6650053792793156
0.4841936774709884,0.6853044625007674
0.4881952781112445,0.7390261698280322
0.49219687875150064,0.764569533670832
0.4961984793917567,0.7953689650920804
0.5002000800320128,0.7961369176248744
0.5042016806722689,0.7794519032641694
0.508203281312525,0.7480733038816666
0.5122048819527811,0.7251524768291228
0.5162064825930373,0.7003393531851542
0.5202080832332934,0.6728098520341778
0.5242096838735495,0.575454979093097
0.5282112845138055,0.48261457819967396
0.5322128851540616,0.4391196431014275
0.5362144857943177,0.3950688920561031
0.5402160864345739,0.3161897334996496
0.54421768707483,0.24544365130574058
0.5482192877150861,0.18829128648607454
0.5522208883553421,0.16679252931791044
0.5562224889955982,0.1161918130660821
0.5602240896358543,0.1090574330670232
0.5642256902761105,0.08388801610567369
0.5682272909163666,0.05480930906543156
0.5722288915566227,0.03876032324830339
0.5762304921968788,0.021524966484418002
0.5802320928371348,-0.00510543552349545
0.584233693477391,0.016502208395497923
0.5882352941176471,-0.008019573650380498
0.5922368947579032,0.010239161343762678
0.5962384953981593,-0.019377273258297606
0.6002400960384154,0.012348968740198578
0.6042416966786714,-0.02057920807809102
0.6082432973189276,-0.005921399817139619
0.6122448979591837,-0.006366838393096088
0.6162464985994398,-0.026108304853591557
0.6202480992396959,0.003982205115578003
0.624249699879952,-0.02798710203072871
0.6282513005202081,0.018320909591027324
0.6322529011604642,-0.04016306992271805
0.6362545018007203,-0.009820201557249934
0.6402561024409764,-0.043236286017347456
0.6442577030812325,-0.01023953645821598
0.6482593037214887,-0.019096221812885096
0.6522609043617448,0.023070340482616115
0.6562625050020008,-0.030001756116962593
0.6602641056422569,0.009106242741674372
0.664265706282513,-0.021398938037236703
0.6682673069227691,0.013564094436910538
0.6722689075630253,-0.0426273160893949
0.6762705082032814,-0.05497277654677016
0.6802721088435374,-0.03669796133008911
0.6842737094837935,-0.03788309039513899
0.6882753101240496,-0.049789777988712994
0.6922769107643058,0.011602682359904831
0.6962785114045619,-0.021950829600983147
0.700280112044818,-0.00041786436562137735
0.704281712685074,-0.009063124844064588
0.7082833133253301,0.01105798261106698
0.7122849139655862,-0.016456830989054233
0.7162865146058424,0.01331954730994369
0.7202881152460985,-0.06274237919414004
0.7242897158863546,-0.027236341618484677
0.7282913165266107,-0.022139189414590775
0.7322929171668667,0.018199346592907728
0.7362945178071229,-0.051877971388707735
0.740296118447379,-0.04221552226913859
0.7442977190876351,-0.04966094950111745
0.7482993197278912,-0.04616906489154046
0.7523009203681473,-0.022892196579675828
0.7563025210084033,-0.04025843350376797
0.7603041216486595,-0.008286691655097572
0.7643057222889156,0.013491946802953587
0.7683073229291717,-0.02396360572137173
0.7723089235694278,-0.052846963804752733
0.7763105242096839,-0.003712917534196662
0.7803121248499401,-0.009566606992230098
0.7843137254901961,-0.02160200737175664
0.7883153261304522,-0.05384427867934741
0.7923169267707083,0.007346290577121016
0.7963185274109644,-0.0457583912470835
0.8003201280512205,-0.01599363349724123
0.8043217286914767,0.029272690358648448
0.8083233293317327,-0.0493948509705428
0.8123249299719888,-0.007465920870017179
0.8163265306122449,-0.04932103351007516
0.820328131252501,-0.010605807256102415
0.8243297318927572,-0.015588709180122324
0.8283313325330133,-0.03559386433426332
0.8323329331732694,-0.007652054616396198
0.8363345338135254,-0.048340792396752444
0.8403361344537815,-0.02936983915691453
0.8443377350940376,-0.07229840582310425
0.8483393357342938,-0.04538785700800176
0.8523409363745499,-0.01265801774645921
0.856342537014806,-0.050195009283914835
0.860344137655062,-0.02331568865175552
0.8643457382953181,-0.019425958080808527
0.8683473389355743,-0.007690836430588219
0.8723489395758304,0.01682377764579315
0.8763505402160865,0.009067437939455435
0.8803521408563426,-0.01173019459207298
0.8843537414965986,-0.02075530167535271
0.8883553421368547,-0.08258955157406045
0.8923569427771109,0.005053612726142832
0.896358543417367,-0.0052162982000950155
0.9003601440576231,0.019131259372417556
0.9043617446978792,-0.02267817293535769
0.9083633453381353,-0.005213405795360255
0.9123649459783914,0.009924068488853998
0.9163665466186475,-0.024763831537379814
0.9203681472589036,-0.0016060973506365726
0.9243697478991597,-0.002261884706082104
0.9283713485394158,0.03508521888295816
0.932372949179672,0.011931071506140676
0.936374549819928,0.004697207230735285
0.9403761504601841,-0.019804388450309105
0.9443777511004402,-0.0142672484815158
0.9483793517406963,-0.01081288713254924
0.9523809523809524,0.011177757499022811
0.9563825530212086,0.0027325576408850673
0.9603841536614646,-0.0030226861269846937
0.9643857543017207,-0.005983478930686122
0.9683873549419768,-0.05720168882675169
0.9723889555822329,-0.04396295026443391
0.976390556222489,0.02930457338241263
0.9803921568627452,-0.031572199138808814
0.9843937575030013,-0.004114492510143569
0.9883953581432573,0.021898507452202867
0.9923969587835134,0.028941654078137972
0.9963985594237695,0.01825948844030581
1.0004001600640255,0.020439438589682325
1.0044017607042817,0.025699850430704933
1.0084033613445378,-0.022783030749191104
1.012404961984794,0.005595333723109787
1.01640656262505,-0.015337638675864011
1.0204081632653061,-0.004557388888520896
1.0244097639055623,0.0009871413377597455
1.0284113645458184,-0.015764063621375897
1.0324129651860745,-0.0023648269213072505
1.0364145658263306,0.027736140889555498
1.0404161664665867,-0.010360042036979631
1.0444177671068429,0.023411958514888545
1.048419367747099,-0.020498961773308635
1.0524209683873549,-0.011786563251047356
1.056422569027611,0.00545685508121356
1.0604241696678671,0.018624853459246835
1.0644257703081232,-0.02306110392541312
1.0684273709483794,0.008113560050844442
1.0724289715886355,-0.0012076581168921578
1.0764305722288916,0.036397594161732216
1.0804321728691477,-0.003200360524197624
1.0844337735094038,0.002152243875326247
1.08843537414966,0.018910640389418698
1.092436974789916,-0.011967211864882508
1.0964385754301722,0.00010743488613259786
1.1004401760704283,0.0015630592506119152
1.1044417767106842,0.02887797703524831
1.1084433773509403,0.04402325309713605
1.1124449779911965,0.014829649487131306
1.1164465786314526,0.01886023460515031
1.1204481792717087,0.009502845361785459
1.1244497799119648,0.045990174285884304
1.128451380552221,-0.012650998870513464
1.132452981192477,0.017665262825372362
1.1364545818327332,0.031123025722349075
1.1404561824729893,0.05336231647860917
1.1444577831132454,-0.005864082869170447
1.1484593837535015,0.05474215180004425
1.1524609843937577,0.019918280038729072
1.1564625850340136,-0.0016422123443751817
1.1604641856742697,0.027184765367851728
1.1644657863145258,0.03514268182863643
1.168467386954782,0.021172214989316335
1.172468987595038,0.011558252213488884
1.1764705882352942,0.004258959887410105
1.1804721888755503,-0.013837542896188514
1.1844737895158064,0.02863375260750601
1.1884753901560625,-0.00268636193219211
1.1924769907963186,0.014420586504850945
1.1964785914365748,0.05468058437972405
1.2004801920768309,0.012032754260636415
1.2044817927170868,0.019596259154544028
1.208483393357343,-0.021139549502060997
1.212484993997599,0.007204129162975446
1.2164865946378551,0.011734263105316603
1.2204881952781113,0.03390762747415213
1.2244897959183674,0.003816148962346274
1.2284913965586235,0.0028550434529099333
1.2324929971988796,0.014007249880365634
1.2364945978391357,-0.03193884377721022
1.2404961984793919,0.023554107668684668
1.244497799119648,0.002659987839003855
1.248499399759904,-0.02726540012849809
1.2525010004001602,0.023536001507428475
1.2565026010404161,0.03764959712368747
1.2605042016806722,0.022217866680232998
1.2645058023209284,0.03618949955805781
1.2685074029611845,0.04279082205796167
1.2725090036014406,-0.0049954775591604696
1.2765106042416967,0.0005625803816344081
1.2805122048819528,0.01715134128309505
1.284513805522209,0.013428626091351717
1.288515406162465,0.03763157260355056
1.2925170068027212,-0.010682458171801315
1.2965186074429773,0.020431865276864695
1.3005202080832334,-0.002640306084906771
1.3045218087234896,0.05121931090134378
1.3085234093637454,0.009483679035059573
1.3125250100040016,0.03973632949023095
1.3165266106442577,0.018968727587141226
1.3205282112845138,0.015647006406940465
1.32452981192477,0.02717847579447904
1.328531412565026,0.017451714676609126
1.3325330132052822,0.020786296369105742
1.3365346138455383,0.0038314326330653823
1.3405362144857944,0.017945765880296435
1.3445378151260505,0.03370316681167784
1.3485394157663066,-0.008516945206852915
1.3525410164065628,0.010694116374194457
1.3565426170468189,-0.019918968282765976
1.3605442176870748,-0.0046304263341602064
1.364545818327331,0.014093713741592252
1.368547418967587,-0.0038311016776303893
1.3725490196078431,0.011263039140211019
1.3765506202480993,0.011475305743643013
1.3805522208883554,-0.0062340494051221496
1.3845538215286115,0.027561366140025044
1.3885554221688676,0.025897535713483813
1.3925570228091237,0.017658455771125334
1.3965586234493799,0.048907587975692474
1.400560224089636,-0.005239716587949618
1.404561824729892,0.031799274519179244
1.408563425370148,0.051058779155579985
1.4125650260104041,0.003618121234799529
1.4165666266506602,0.05338552125765102
1.4205682272909164,0.041689284210054384
1.4245698279311725,0.03709527983833527
1.4285714285714286,0.04818594466368374
1.4325730292116847,0.07814216764393712
1.4365746298519408,0.12600182298737383
1.440576230492197,0.11723162275494696
1.444577831132453,0.15645256372944655
1.4485794317727092,0.1930913741358446
1.4525810324129653,0.24959435753493994
1.4565826330532214,0.31847066179376865
1.4605842336934773,0.37267912278252185
1.4645858343337335,0.36149838572417303
1.4685874349739896,0.46491056310817425
1.4725890356142457,0.5299855641736513
1.4765906362545018,0.5787110613944303
1.480592236894758,0.6364186808937157
1.484593837535014,0.7350359044033854
1.4885954381752702,0.7647753426646038
1.4925970388155263,0.7636618836368472
1.4965986394557824,0.7884297912389009
1.5006002400960385,0.8432278054593062
1.5046018407362947,0.8089497953958155
1.5086034413765508,0.7465135297510518
1.5126050420168067,0.7216702167485785
1.5166066426570628,0.6863449879257864
1.520608243297319,0.6297759063662657
1.524609843937575,0.5740928785661735
1.5286114445778312,0.4938349474942162
1.5326130452180873,0.428566558631187
1.5366146458583434,0.37838692742659635
1.5406162464985995,0.33153163845947253
1.5446178471388556,0.2618685805288769
1.5486194477791118,0.1785410249847094
1.5526210484193679,0.17298844133605384
1.556622649059624,0.137956221050254
1.5606242496998801,0.11262866571021554
1.564625850340136,0.05964733089950362
1.5686274509803921,0.028426057505285873
1.5726290516206483,0.007192752404206665
1.5766306522609044,0.027015203078060327
1.5806322529011605,0.025114790370775075
1.5846338535414166,0.003755311123331031
1.5886354541816727,0.033244378017125646
1.5926370548219289,-0.023847576139286474
1.596638655462185,0.03240757601538966
1.600640256102441,0.0030017181457697197
1.6046418567426972,-0.023626692282287295
1.6086434573829533,0.007355193272713273
1.6126450580232095,-0.033893249234831085
1.6166466586634654,-0.019529146022262953
1.6206482593037215,-0.05272085606922629
1.6246498599439776,-0.016746186257858505
1.6286514605842337,0.011451699905154464
1.6326530612244898,-0.0218696974786794
1.636654661864746,-0.006201695547795479
1.640656262505002,-0.03624871558324787
1.6446578631452582,-0.00764091312923023
1.6486594637855143,-0.04487484579358162
1.6526610644257704,0.01578015207093214
1.6566626650660266,-0.026949369793830086
1.6606642657062827,-0.017618948249359227
1.6646658663465388,-0.03802941086512545
1.6686674669867947,-0.01321548409198937
1.6726690676270508,-0.035134883801506284
1.676670668267307,-0.026873479351080858
1.680672268907563,0.0033461087076819343
1.6846738695478192,-0.02176480679596507
1.6886754701880753,-0.041694508155337595
1.6926770708283314,0.014913180896345236
1.6966786714685875,-0.06662081520662408
1.7006802721088436,-0.03100827143154085
1.7046818727490998,-0.002740084291857889
1.708683473389356,0.003487913810976153
1.712685074029612,-0.02880350568684681
1.716686674669868,-0.007705855800038141
1.720688275310124,-0.022042341383864898
1.7246898759503801,-0.04759194595883911
1.7286914765906363,0.016029860302437582
1.7326930772308924,-0.017571035391710503
1.7366946778711485,-0.03233183471009267
1.7406962785114046,-0.0204048752074905
1.7446978791516607,-0.05066737605698262
1.7486994797919169,-0.039308278857942955
1.752701080432173,0.008295527489481942
1.756702681072429,0.015536490972145864
1.7607042817126852,-0.010593820959357488
1.7647058823529413,-0.023393423106095795
1.7687074829931972,-0.038258201276570716
1.7727090836334534,-0.024780372604372627
1.7767106842737095,0.005773540794843227
1.7807122849139656,0.0003508596166598259
1.7847138855542217,-0.028344191032418968
1.7887154861944778,-0.018646654815623425
1.792717086834734,0.011782772234517135
1.79671868747499,-0.03183516652587244
1.8007202881152462,-0.023668932040724056
1.8047218887555023,-0.04411196709558261
1.8087234893957584,-0.038293769886069244
1.8127250900360146,-0.02805389107942558
1.8167266906762707,-0.034324597052448176
1.8207282913165266,-0.03958294614284218
1.8247298919567827,-0.0008393656649900404
1.8287314925970388,-0.022949777383123336
1.832733093237295,-0.016955467264660264
1.836734693877551,-0.02797578809530432
1.8407362945178072,-0.015798044055839414
1.8447378951580633,-0.015508350183861399
1.8487394957983194,-0.025737683569372317
1.8527410964385755,-0.04046945598569059
1.8567426970788317,-0.01571987829246038
1.8607442977190878,-0.033402087663591165
1.864745898359344,-0.017937868112397826
1.8687474989996,0.028206556393575007
1.872749099639856,-0.0019295212739472625
1.876750700280112,0.008195801538091558
1.8807523009203682,-0.011794755784264633
1.8847539015606243,-0.020395532124066584
1.8887555022008804,-0.04366735546756675
1.8927571028411365,0.027823168136806978
1.8967587034813926,0.017949258692639067
1.9007603041216488,-0.010656912832703036
1.9047619047619049,-0.011012301855640248
1.908763505402161,0.008144385519375874
1.9127651060424171,0.015375739849084065
1.9167667066826732,-0.019391840796160218
1.9207683073229291,-0.009666627085743213
1.9247699079631853,0.006599474807872563
1.9287715086034414,-0.0037698172801072863
1.9327731092436975,-0.019702738317397144
1.9367747098839536,0.0031018363165857465
1.9407763105242097,-0.02712348734744143
1.9447779111644659,0.021087471696661128
1.948779511804722,0.0015601311688401105
1.952781112444978,-0.032800109013813396
1.9567827130852342,-0.032623055363362415
1.9607843137254903,0.020050173124869737
1.9647859143657465,0.010163302349624315
1.9687875150060026,-0.03566251817580368
1.9727891156462585,-0.034056698670442406
1.9767907162865146,-0.012254386798262115
1.9807923169267707,0.024519186301785543
1.9847939175670268,-0.033079772649677125
1.988795518207283,0.03412365585072676
1.992797118847539,0.01731960880046665
1.9967987194877952,0.01972547188905114
2.000800320128051,0.03403567756626902
2.0048019207683074,0.00927296645241844
2.0088035214085633,-0.008879706864129772
2.0128051220488197,0.01735926212685801
2.0168067226890756,0.0016845758946667504
2.020808323329332,-0.017584352072000466
2.024809923969588,0.006673065911933163
2.028811524609844,0.03606356868520734
2.0328131252501,-0.0029046125250287583
2.0368147258903564,-0.016593582593197785
2.0408163265306123,0.0292670273908398
2.0448179271708686,-0.01783978706231325
2.0488195278111245,0.0521814455388057
2.0528211284513804,0.030690769608524862
2.0568227290916368,-0.027746168413781025
2.0608243297318927,0.03450864553492985
2.064825930372149,-0.0028767268665194842
2.068827531012405,0.0435616849515674
2.0728291316526612,0.03887019039993665
2.076830732292917,-0.020194767602479048
2.0808323329331735,-0.027440818676607866
2.0848339335734294,0.002047780650692296
2.0888355342136857,0.03738005626952996
2.0928371348539416,0.015475762017835095
2.096838735494198,-0.0022086384010070684
2.100840336134454,0.04541678751282197
2.1048419367747098,0.005263434816555982
2.108843537414966,0.03284124089838175
2.112845138055222,-0.01807264540991909
2.1168467386954783,0.02939586301471505
2.1208483393357342,0.02065691454224479
2.1248499399759906,0.01759931220584529
2.1288515406162465,0.007518081116237111
2.132853141256503,-0.0064789999789737415
2.1368547418967587,0.011936948527109505
2.140856342537015,-0.0030662234213477135
2.144857943177271,0.027079483698389757
2.1488595438175273,0.033511124482013724
2.152861144457783,-0.020763982257009442
2.156862745098039,-0.0023693138377773593
2.1608643457382954,0.02265167828629402
2.1648659463785513,0.025397469362117214
2.1688675470188077,-0.016120148476800922
2.1728691476590636,-0.01657638730077005
2.17687074829932,-0.015809878655660844
2.180872348939576,0.0333210747886599
2.184873949579832,0.02612490501213144
2.188875550220088,0.01158194905820165
2.1928771508603444,0.009608368226616724
2.1968787515006003,0.029004873639301473
2.2008803521408566,0.041176586589164545
2.2048819527811125,0.02115146983294975
2.2088835534213684,-0.007517722068316621
2.212885154061625,0.014033723011285908
2.2168867547018807,0.020906758948103968
2.220888355342137,0.01670390890607512
2.224889955982393,0.01569127495627585
2.2288915566226493,0.03725583412579645
2.232893157262905,0.017690234618014243
2.2368947579031615,0.008874186181832817
2.2408963585434174,0.023048194405362803
2.2448979591836737,0.017803506040545904
2.2488995598239296,0.015746138646620823
2.252901160464186,-0.0016103981974537884
2.256902761104442,-0.0027873354058887516
2.2609043617446978,0.041078372566020024
2.264905962384954,-0.03814155026662617
2.26890756302521,0.027249695891713985
2.2729091636654664,0.0534037180669151
2.2769107643057223,0.01085860654309471
2.2809123649459786,0.04786230037543695
2.2849139655862345,0.017637676735854715
2.288915566226491,0.044281987127835584
2.2929171668667467,0.05347902347016748
2.296918767507003,0.01544968036385139
2.300920368147259,0.04250968255743627
2.3049219687875153,0.01484507582910476
2.308923569427771,0.0015315718102038162
2.312925170068027,0.01587382054030462
2.3169267707082835,0.03097384032858033
2.3209283713485394,0.03328553259077998
2.3249299719887957,0.006764507504621037
2.3289315726290516,0.015787346749487254
2.332933173269308,0.017106213600477493
2.336934773909564,0.004193337172179108
2.34093637454982,0.002302544462293747
2.344937975190076,0.03187579693271234
2.3489395758303324,0.023299694961768116
2.3529411764705883,0.012702549777806355
2.356942777110844,0.03343749001552142
2.3609443777511006,0.013900829979922907
2.3649459783913565,0.016515904167676645
2.368947579031613,0.025303922028166347
2.3729491796718687,0.001496458411884699
2.376950780312125,0.017409715494236824
2.380952380952381,0.04532472976228247
2.3849539815926373,0.03345536853387539
2.388955582232893,0.0048097944526782534
2.3929571828731495,0.01422876400610541
2.3969587835134054,0.05108715029749076
2.4009603841536618,-0.0086069528780574
2.4049619847939177,0.0257308340685558
2.4089635854341735,0.010636666558934386
2.41296518607443,0.0060749580144165635
2.416966786714686,0.01877858399509917
2.420968387354942,0.022408166361546064
2.424969987995198,0.02086679191104465
2.4289715886354544,0.03773262129497969
2.4329731892757103,0.013402607433579378
2.4369747899159666,0.07919413171805469
2.4409763905562225,0.10951562166685534
2.444977991196479,0.14408869194111487
2.4489795918367347,0.1865551600784477
2.452981192476991,0.2298818439281944
2.456982793117247,0.28196584290746923
2.460984393757503,0.3444472902294929
2.4649859943977592,0.4343588711206432
2.468987595038015,0.48000098367974287
2.4729891956782715,0.49543650946856294
2.4769907963185274,0.6048972894697249
2.4809923969587837,0.6926211648366815
2.4849939975990396,0.7119915064713754
2.488995598239296,0.7565392324572561
2.492997198879552,0.8068817174653534
2.496998799519808,0.7803661073052558
2.501000400160064,0.7943932753340531
2.5050020008003204,0.7729466094595654
2.5090036014405763,0.791176497614088
2.5130052020808322,0.7165756884146961
2.5170068027210886,0.6805832380357307
2.5210084033613445,0.6221958236722047
2.525010004001601,0.5541905953059016
2.5290116046418567,0.47861095103983353
2.533013205282113,0.4408333390516652
2.537014805922369,0.351620451577189
2.5410164065626253,0.33411677533788814
2.545018007202881,0.26849369141205054
2.5490196078431375,0.18489740852120073
2.5530212084833934,0.15137076324048607
2.5570228091236498,0.06859444504100731
2.5610244097639057,0.08394068979887379
2.5650260104041616,0.05015533377820147
2.569027611044418,0.012428576718134556
2.573029211684674,0.018791563901144087
2.57703081232493,0.020561866859154624
2.581032412965186,0.036334119741664575
2.5850340136054424,0.01648116182977038
2.5890356142456983,0.013339411379036874
2.5930372148859546,-0.001995978191686569
2.5970388155262105,-0.026644812548934974
2.601040416166467,-0.020367972356264925
2.6050420168067228,0.004450401362746451
2.609043617446979,-0.02114751727067278
2.613045218087235,-0.027847893461275978
2.617046818727491,-0.030072346754870364
2.6210484193677472,-0.024509413100140008
2.625050020008003,0.0010524218199727282
2.6290516206482595,-0.013629209847656254
2.6330532212885154,-0.010593174015112006
2.6370548219287717,0.0014058796977939447
2.6410564225690276,-0.021002518083990566
2.645058023209284,-0.022782118866111964
2.64905962384954,-9.914849097624606e-05
2.653061224489796,-0.018500478929640705
2.657062825130052,-0.03105535801348082
2.6610644257703084,-0.0044713891701864805
2.6650660264105643,0.0033280967496145814
2.6690676270508202,-0.010795193800366917
2.6730692276910766,-0.021459800299796584
2.6770708283313325,0.010288927099462903
2.681072428971589,-0.01770432415192729
2.6850740296118447,-0.002078700682056199
2.689075630252101,0.020703380303187063
2.693077230892357,-0.04780182570861782
2.6970788315326133,-0.011658857274710952
2.701080432172869,-0.00794896807517492
2.7050820328131255,-0.055536757070335264
2.7090836334533814,-0.04919349889271028
2.7130852340936378,-0.014380240244747343
2.7170868347338937,-0.017005037460265337
2.7210884353741496,-0.031809128166537
2.725090036014406,-0.05816713268974437
2.729091636654662,-0.008012482364860792
2.733093237294918,-0.009841947190478956
2.737094837935174,-0.0029140268099721797
2.7410964385754304,-0.02066739451708587
2.7450980392156863,-0.03564884472289499
2.7490996398559426,-0.021653286389055598
2.7531012404961985,-0.025763688998744122
2.757102841136455,0.021484366096312362
2.7611044417767108,-0.042279855814658256
2.765106042416967,-0.002610072516613854
2.769107643057223,-0.043444137092126515
2.773109243697479,-0.016898161112548802
2.7771108443377353,0.006104121443491775
2.781112444977991,-0.05175040997653667
2.7851140456182475,-0.026735066171238202
2.7891156462585034,-0.00860901586428539
2.7931172468987597,-0.024923705818062095
2.7971188475390156,0.008345962783985
2.801120448179272,-0.02536844125849532
2.805122048819528,0.00534202484560449
2.809123649459784,0.007165126536446725
2.81312525010004,-0.004603631825441689
2.817126850740296,-0.016591576734267147
2.8211284513805523,-0.03724728102570422
2.8251300520208082,-0.0047874118261727
2.8291316526610646,-0.0072934689619058996
2.8331332533013205,0.0050542522782556915
2.837134853941577,-0.030334948497277896
2.8411364545818327,-0.019984502179270804
2.845138055222089,-0.008012958443368598
2.849139655862345,-0.02193320292635772
2.8531412565026013,-0.03750299451330501
2.857142857142857,-0.0017328931326289817
2.8611444577831135,-0.011058874707007607
2.8651460584233694,-0.01177301505710332
2.8691476590636253,-0.05615336595745888
2.8731492597038817,-0.028163865714601014
2.8771508603441376,-0.06737513090622241
2.881152460984394,0.015392162329870996
2.88515406162465,-0.003917165928217319
2.889155662264906,-0.020390298935448952
2.893157262905162,-0.018728345372113576
2.8971588635454184,-0.027539735624211834
2.9011604641856743,-0.04676987945249994
2.9051620648259306,0.0029879609291117906
2.9091636654661865,-0.015756582133849964
2.913165266106443,-0.02809577814057971
2.917166866746699,-0.014255316988843962
2.9211684673869547,-0.006487964274690428
2.925170068027211,-0.0004236976008124213
2.929171668667467,-0.042051300573594526
2.9331732693077233,-0.02287490260348589
2.937174869947979,0.021534312265177137
2.9411764705882355,-0.028326821898244963
2.9451780712284914,0.002244000107224798
2.9491796718687477,-0.04743691554550975
2.9531812725090036,0.005984431016493546
2.95718287314926,-0.04167042479894696
2.961184473789516,-0.03692707400678538
2.9651860744297722,-0.0378815821009075
2.969187675070028,-0.0035383251446568804
2.973189275710284,0.03855963133550493
2.9771908763505404,-0.016257459210964404
2.9811924769907963,0.0354265843903386
2.9851940776310526,0.02558487011595686
2.9891956782713085,0.006970875216913204
2.993197278911565,-0.00034609533781531634
2.9971988795518207,0.025760864308874656
3.001200480192077,0.006236255717052578
3.005202080832333,0.028901247231539362
3.0092036814725893,0.028182708004410636
3.013205282112845,0.010395627805460779
3.0172068827531016,-0.0011024980974381647
3.0212084833933575,0.004829426202106311
3.0252100840336134,-0.021490589343866735
3.0292116846738697,-0.017144121072861247
3.0332132853141256,0.021140311060004465
3.037214885954382,-0.01992953354090369
3.041216486594638,0.04482115685532257
3.045218087234894,0.042981477772112656
3.04921968787515,0.038233155035742095
3.0532212885154064,0.030413072689732458
3.0572228891556623,0.02770723528461894
3.0612244897959187,-0.024159413707314926
3.0652260904361746,0.02481302420921732
3.069227691076431,0.035925516613897646
3.073229291716687,0.010725649821543176
3.0772308923569427,0.012312046177330963
3.081232492997199,0.019738855020151196
3.085234093637455,0.034967103146778866
3.0892356942777113,-0.01251431483126878
3.093237294917967,-0.01874984657705
3.0972388955582235,0.010009867056740307
3.1012404961984794,-0.0026663810541425297
3.1052420968387358,-0.012903139321062471
3.1092436974789917,0.026164196137918105
3.113245298119248,0.02124291994331417
3.117246898759504,0.03549599635508611
3.1212484993997602,0.030729466537859424
3.125250100040016,0.01779042113888288
3.129251700680272,0.01009804313660215
3.1332533013205284,-0.018713424609023283
3.1372549019607843,0.03159926756992235
3.1412565026010406,-0.0119204771525508
3.1452581032412965,0.053883563244853994
3.149259703881553,-0.023024954891703715
3.1532613045218087,0.0016321444233710642
3.157262905162065,0.04401914700672101
3.161264505802321,0.013883223254054593
3.1652661064425773,-0.006300378584391187
3.1692677070828332,-0.012480056396555809
3.1732693077230896,0.07362042296209652
3.1772709083633455,-0.008288310928610956
3.1812725090036014,0.007543815872737732
3.1852741096438577,0.026209811257100046
3.1892757102841136,0.03205798581653608
3.19327731092437,0.02780848103336883
3.197278911564626,0.030480393179883568
3.201280512204882,0.020968281668600004
3.205282112845138,0.01705967878407094
3.2092837134853944,0.013550858366568969
3.2132853141256503,0.042231310627411506
3.2172869147659067,0.009045633263637913
3.2212885154061626,-0.008835457928230806
3.225290116046419,0.02667448379299998
3.229291716686675,-0.0013940051230128675
3.2332933173269307,-0.005113242838376643
3.237294917967187,0.04854254771432883
3.241296518607443,0.008754509146776389
3.2452981192476993,0.024155029737979665
3.249299719887955,0.009166178571818681
3.2533013205282115,0.05753021572844824
3.2573029211684674,0.02933315634057248
3.2613045218087238,0.015080860439680247
3.2653061224489797,0.0252757225353356
3.269307723089236,-0.016242438428371822
3.273309323729492,0.028744898298412876
3.2773109243697482,0.0021553228227050997
3.281312525010004,0.02295491030134057
3.28531412565026,0.02296175831333585
3.2893157262905164,0.03597139478391119
3.2933173269307723,-0.006468047666650739
3.2973189275710286,-0.008230949187168782
3.3013205282112845,0.010208820989816092
3.305322128851541,0.008824086080415586
3.3093237294917968,0.02521873630872687
3.313325330132053,0.03585171329561969
3.317326930772309,0.04712432391531056
3.3213285314125653,0.03692008432138706
3.3253301320528212,0.028889138582528513
3.3293317326930776,-0.012882196397508129
3.3333333333333335,0.04598168040064937
3.3373349339735894,0.011155199750807176
3.3413365346138457,0.01769335850881419
3.3453381352541016,0.00939830417124793
3.349339735894358,0.021161125356180498
3.353341336534614,-0.013873600424379098
3.35734293717487,0.031336858346440385
3.361344537815126,-0.025203227128260793
3.3653461384553824,-0.02285716780441959
3.3693477390956383,0.025437193257437415
3.3733493397358947,-0.033719906647502865
3.3773509403761506,-0.0014230358084406005
3.3813525410164065,-0.002599391078954587
3.385354141656663,0.007552201967486876
3.3893557422969187,0.04067179040948525
3.393357342937175,0.009925289131212774
3.397358943577431,0.022343325889428917
3.4013605442176873,0.032634437229621574
3.405362144857943,0.025949883584673195
3.4093637454981995,0.021289561017750147
3.4133653461384554,0.029262301358200845
3.417366946778712,0.0436754084903178
3.4213685474189677,0.023331443355327566
3.425370148059224,0.04996869261710764
3.42937174869948,0.0421150841291177
3.433373349339736,0.0755866043512931
3.437374949979992,0.08861773969186057
3.441376550620248,0.11958350706872659
3.4453781512605044,0.15548988182663004
3.4493797519007603,0.19164337632184802
3.4533813525410166,0.24941407376465421
3.4573829531812725,0.2901961203538457
3.461384553821529,0.34682925701037715
3.4653861544617848,0.40509706160891396
3.469387755102041,0.4664033950208871
3.473389355742297,0.5358727440463307
3.4773909563825534,0.5843816985465161
3.4813925570228093,0.7011620513963485
3.485394157663065,0.7305027964847843
3.4893957583033215,0.7392342017374329
3.4933973589435774,0.7891930302827642
3.4973989595838337,0.7945045037118613
3.5014005602240896,0.7839387424562655
3.505402160864346,0.8330223597373739
3.509403761504602,0.7834846290417503
3.513405362144858,0.7408362099996716
3.517406962785114,0.6650060919149402
3.5214085634253705,0.6074025509043821
3.5254101640656264,0.5136089568322908
3.5294117647058827,0.48892784378596366
3.5334133653461386,0.42247658116624864
3.5374149659863945,0.36677980735148435
3.541416566626651,0.31211123264814544
3.5454181672669067,0.26211980156111364
3.549419767907163,0.2002525979008862
3.553421368547419,0.19708672332460744
3.5574229691876753,0.1363385777938744
3.561424569827931,0.07814955836091254
3.5654261704681876,0.10038126295919787
3.5694277711084434,0.06449908852374889
3.5734293717487,0.033166692294420416
3.5774309723889557,0.008980836428242761
3.581432573029212,-0.003559917731685758
3.585434173669468,-0.007825178219435652
3.589435774309724,0.018606967109316017
3.59343737494998,0.0011828977205587234
3.597438975590236,-0.05157295167085125
3.6014405762304924,-0.028810933937697087
3.6054421768707483,0.0031238998042140073
3.6094437775110046,-0.02393449154505281
3.6134453781512605,0.012972286893286123
3.617446978791517,0.003836568935970043
3.621448579431773,-0.025781979280694846
3.625450180072029,-0.01706767558914253
3.629451780712285,-0.015163550892914499
3.6334533813525414,-0.02596121505300024
3.6374549819927973,0.003750399189384076
3.641456582633053,-0.03494129769228001
3.6454581832733095,-0.003058862094117461
3.6494597839135654,-0.032943651345636565
3.6534613845538217,-0.012481126024905687
3.6574629851940776,-0.041705957752761286
3.661464585834334,-0.008099889852017213
3.66546618647459,-0.06106368452124515
3.6694677871148462,-0.02907767602632092
3.673469387755102,-0.04654511176576551
3.6774709883953585,-0.010071564808646138
3.6814725890356144,-0.01616290229640058
3.6854741896758707,-0.03760765618203564
3.6894757903161266,-0.018582766041896973
3.6934773909563825,-0.01588454531696554
3.697478991596639,-0.032995763054178506
3.7014805922368947,-0.0014277381403696096
3.705482192877151,-0.0062163786129794
3.709483793517407,0.006986042682006151
3.7134853941576633,-0.032163758753082666
3.717486994797919,-0.0251110109138932
3.7214885954381756,-0.004933391684245107
3.7254901960784315,0.007302458436761004
3.729491796718688,0.0007663970125084789
3.7334933973589437,-0.027299031978634862
3.7374949979992,-0.01995566363952457
3.741496598639456,-0.04807364723743451
3.745498199279712,-0.04875113081820235
3.749499799919968,-0.04428422331651417
3.753501400560224,-0.042211142889355215
3.7575030012004804,-0.016576489177004255
3.7615046018407363,-0.04083368714393429
3.7655062024809927,0.00362641455519103
3.7695078031212486,-0.03784627395404226
3.773509403761505,-0.04629980892422118
3.777511004401761,0.00213009645169282
3.781512605042017,-0.00826027314078425
3.785514205682273,0.0027593574008026554
3.7895158063225294,-0.03640466800954657
3.7935174069627853,-0.009110067680854253
3.797519007603041,0.015601606881627289
3.8015206082432975,-0.0013999555823269519
3.8055222088835534,-0.02018119378639412
3.8095238095238098,-0.02325362661304263
3.8135254101640657,0.01569927639896771
3.817527010804322,-0.020402589986094687
3.821528611444578,0.010626868695758001
3.8255302120848342,-0.0006148738818361407
3.82953181272509,-0.03285003125311715
3.8335334133653465,-0.018240945892548623
3.8375350140056024,-0.007607749443261706
3.8415366146458583,-0.02063057540985371
3.8455382152861146,-0.01769745730990337
3.8495398159263705,0.0015077020600493332
3.853541416566627,-0.022133919596015954
3.8575430172068828,0.0002470428269362012
3.861544617847139,-0.009477905552512485
3.865546218487395,0.03154478073931263
3.8695478191276513,0.016451331527060905
3.8735494197679072,-0.022853699501064646
3.8775510204081636,0.020671400521009742
3.8815526210484195,-0.059616866149314496
3.885554221688676,0.01360881934547488
3.8895558223289317,0.017359108838357715
3.8935574229691876,0.013712411331016885
3.897559023609444,0.0025626071736262086
3.9015606242497,-0.028666199997204482
3.905562224889956,-0.04108332829028932
3.909563825530212,-0.0071118680826313535
3.9135654261704684,0.001267771335251959
3.9175670268107243,0.011152538645219002
3.9215686274509807,0.012420364407312846
3.9255702280912366,-0.005074438327576858
3.929571828731493,-0.024570181119385814
3.933573429371749,-0.028394923762055976
3.937575030012005,0.022271983091405927
3.941576630652261,0.023513457465942664
3.945578231292517,0.030141747274699548
3.9495798319327733,0.025221133382453936
3.953581432573029,0.014650072017764252
3.9575830332132855,0.01574874197967764
3.9615846338535414,0.0007706098407944968
3.9655862344937978,-0.03697296923311163
3.9695878351340537,-0.009171539030620172
3.97358943577431,-0.018404046149920018
3.977591036414566,0.0026499575235674274
3.9815926370548222,-0.014465360682023524
3.985594237695078,-0.014865630963099995
3.9895958383353345,-0.00028315657197557835
3.9935974389755904,-0.02028654723463366
3.9975990396158463,0.00442583649148507
4.001600640256102,0.029702863412433694
4.0056022408963585,-0.027695665785541883
4.009603841536615,-0.02006729292890988
4.013605442176871,0.011380088288015355
4.017607042817127,-0.0076311956256109766
4.021608643457383,-0.013487687916060313
4.025610244097639,0.034475243289285716
4.029611844737896,-0.0036221145666354647
4.033613445378151,0.05008831828106713
4.0376150460184075,-0.014210392714867685
4.041616646658664,0.005304149883855139
4.04561824729892,-0.003543296543432852
4.049619847939176,0.020756320141965524
4.053621448579432,0.027015059758576543
4.057623049219688,-0.023140911342453926
4.061624649859944,0.015201339249371554
4.0656262505002,-0.007446516047277956
4.069627851140456,0.02630928821551659
4.073629451780713,0.0016081691405813578
4.077631052420968,0.030057485001444166
4.081632653061225,0.0268244816958854
4.085634253701481,0.020224132331306256
4.089635854341737,0.04496372123840568
4.093637454981993,0.0038427290727979235
4.097639055622249,0.0003273186690026589
4.101640656262505,0.006118291594662616
4.105642256902761,-0.011522540640418176
4.109643857543017,0.019917390141511292
4.1136454581832735,0.03991400293162055
4.11764705882353,-0.007934326247550411
4.121648659463785,0.024363128350996133
4.125650260104042,0.018212721351403265
4.129651860744298,0.0030197741723526645
4.133653461384554,0.0016310952125567421
4.13765506202481,-0.023759933081205706
4.141656662665066,0.0037001769048911545
4.1456582633053225,0.03479454221563972
4.149659863945578,0.0097329771479019
4.153661464585834,-0.007268254927938544
4.157663065226091,-0.01716591781105694
4.161664665866347,0.013988473805588498
4.165666266506602,0.043859712973796414
4.169667867146859,0.011111786904513758
4.173669467787115,-0.01004863857325028
4.1776710684273715,0.001635873573636093
4.181672669067627,0.058815229070475886
4.185674269707883,0.00853773562259392
4.18967587034814,0.020561844191790156
4.193677470988396,0.010596849479818177
4.197679071628651,0.03520125975554911
4.201680672268908,0.0009747614494792257
4.205682272909164,0.0313568069430327
4.2096838735494195,0.00951624707085288
4.213685474189676,0.014244708059887435
4.217687074829932,0.04854071491375929
4.221688675470189,2.024933482770025e-05
4.225690276110444,0.00710936388587873
4.2296918767507,-0.012984859880637054
4.233693477390957,0.016968152462842313
4.237695078031213,-0.011098431703541158
4.2416966786714685,0.04035464588756217
4.245698279311725,0.014295766256564984
4.249699879951981,0.029161908130906085
4.253701480592237,0.04344979505642391
4.257703081232493,0.03464524680400396
4.261704681872749,0.02343825922995294
4.265706282513006,0.023786357310370786
4.269707883153261,0.03799552839447256
4.2737094837935174,-0.0013319385431569443
4.277711084433774,0.026359010165888173
4.28171268507403,0.0021474301786418466
4.285714285714286,0.031098443532127866
4.289715886354542,0.0012366400056458976
4.293717486994798,0.04421525041300718
4.297719087635055,0.03973614558109715
4.30172068827531,-0.0023043813013606737
4.305722288915566,0.027349858928618263
4.309723889555823,0.019370630043236695
4.313725490196078,0.03428716762692857
4.3177270908363345,0.004308946934105204
4.321728691476591,0.0443174956140355
4.325730292116847,0.05047362482219249
4.329731892757103,0.021505376972994376
4.333733493397359,0.0004908749259428004
4.337735094037615,-0.021348042969062002
4.341736694677872,0.03664209001888845
4.345738295318127,0.015380234479383675
4.3497398959583835,0.007344467999339018
4.35374149659864,0.0214702191173698
4.357743097238895,0.041431922817785016
4.361744697879152,0.016687418178452734
4.365746298519408,0.016936349024080165
4.369747899159664,0.03780365546130138
4.37374949979992,0.011753942189951598
4.377751100440176,-0.013703086231568292
4.3817527010804325,-0.02661642354158096
4.385754301720689,0.03537545314901416
4.389755902360944,0.03642026189833866
4.393757503001201,0.03575572183654467
4.397759103641457,0.01074937867486691
4.401760704281713,0.01937885048999074
4.405762304921969,0.0035541915093920146
4.409763905562225,0.024880340373662376
4.413765506202481,0.037865011088137515
4.417767106842737,0.049973671189924795
4.421768707482993,0.08086496661573307
4.42577030812325,0.047201711578700484
4.429771908763506,0.0502407450723854
4.433773509403761,0.11330858058215602
4.437775110044018,0.10410325032387407
4.441776710684274,0.11116009966865845
4.44577831132453,0.16114998995382035
4.449779911964786,0.18649939135728846
4.453781512605042,0.25441577624194467
4.4577831132452985,0.2917213750261816
4.461784713885554,0.3517490812944022
4.46578631452581,0.40629469407080004
4.469787915166067,0.49233537532145727
4.473789515806323,0.520266721376094
4.4777911164465785,0.5848694533918807
4.481792717086835,0.6769335861098429
4.485794317727091,0.6887897107944672
4.4897959183673475,0.7710100037453264
4.493797519007603,0.7576499097133884
4.497799119647859,0.8174370356312073
4.501800720288116,0.8059915381644298
4.505802320928372,0.7918435840721224
4.509803921568627,0.8282972120529324
4.513805522208884,0.7143610420562411
4.51780712284914,0.6724837077467303
4.5218087234893956,0.6000268202467625
4.525810324129652,0.5616048658907108
4.529811924769908,0.4715539796513069
4.533813525410165,0.414665414635536
4.53781512605042,0.356281525167457
4.541816726690676,0.3019289403244148
4.545818327330933,0.24469775797363025
4.549819927971189,0.19862321432130364
4.5538215286114445,0.19100597660232507
4.557823129251701,0.13660804114920433
4.561824729891957,0.06650870169085668
4.565826330532213,0.04774578946970758
4.569827931172469,0.0313781924653536
4.573829531812725,0.04814548528612467
4.577831132452982,0.007758001047315888
4.581832733093237,0.023268541414278292
4.5858343337334935,0.034252612727227974
4.58983593437375,-0.007511323121673943
4.593837535014006,-0.01123361707689997
4.597839135654262,0.008319916600725603
4.601840736294518,-0.01816008876627071
4.605842336934774,-0.02113186729031543
4.609843937575031,-0.03811793227024626
4.613845538215286,-0.04788007474255052
4.617847138855542,0.015021534790352342
4.621848739495799,0.005896967202733892
4.625850340136054,-0.001967503560421068
4.629851940776311,-0.02795125914330118
4.633853541416567,-0.013943926046176374
4.637855142056823,0.01897106578704301
4.641856742697079,-0.060784508519813804
4.645858343337335,-0.01849889533528142
4.649859943977591,-0.006505780321475925
4.653861544617848,0.03655142727337609
4.657863145258103,-0.010334791031911707
4.6618647458983595,-0.015531177871014133
4.665866346538616,0.008388261528560613
4.669867947178871,-0.028916223288413305
4.673869547819128,-0.010495365984597056
4.677871148459384,-0.04073754984103241
4.68187274909964,-0.02005078664510613
4.685874349739896,-0.03307881508587863
4.689875950380152,-0.02426379616215634
4.6938775510204085,-0.019399292550071282
4.697879151660665,-0.017439973588145734
4.70188075230092,-0.0370783270452809
4.705882352941177,-0.03943832110309252
4.709883953581433,-0.019273280838279876
4.713885554221688,-0.01534421480574753
4.717887154861945,-0.03367970799572887
4.721888755502201,-0.016806386346737378
4.7258903561424574,-0.028478107320721778
4.729891956782713,-0.0011798074777644649
4.733893557422969,-0.005820186318153628
4.737895158063226,0.007574631101459957
4.741896758703482,0.024582170674660602
4.745898359343737,-0.0258217860967342
4.749899959983994,-0.037384785437438575
4.75390156062425,-0.017230853729721628
4.757903161264506,0.01249782326888495
4.761904761904762,-0.009236323730950369
4.765906362545018,-0.01805392776612299
4.7699079631852745,-0.0009853016560880737
4.77390956382553,-0.04737177015127497
4.777911164465786,-0.024798721478670235
4.781912765106043,-0.024543837266557622
4.785914365746299,-0.042877638804018334
4.7899159663865545,-0.03507242227765237
4.793917567026811,-0.02238926970553157
4.797919167667067,-0.03463411361787985
4.8019207683073235,-0.001099028669589809
4.805922368947579,-0.048714215323633424
4.809923969587835,-0.023540369017530337
4.813925570228092,-0.02552661396393188
4.817927170868347,-0.01939803475484905
4.821928771508603,0.003602217280653127
4.82593037214886,-0.03717090614442846
4.829931972789116,-0.020241635552465227
4.833933573429372,-0.06908036352352355
4.837935174069628,-0.04304850217951908
4.841936774709884,-0.01803092458515842
4.845938375350141,-0.021447357569200836
4.849939975990396,-0.01512945502969395
4.853941576630652,-0.0048823772782547945
4.857943177270909,-0.0006627551549294938
4.861944777911165,-0.033725870597613894
4.8659463785514205,-0.022329040543150314
4.869947979191677,0.002491048846970814
4.873949579831933,0.03091823853375798
4.877951180472189,-0.03712362704972576
4.881952781112445,-0.004397689448488862
4.885954381752701,-0.010354180382910331
4.889955982392958,-0.04512198699041686
4.893957583033213,0.007667079862682568
4.8979591836734695,0.024125949382592562
4.901960784313726,-0.02048882080132127
4.905962384953982,-0.03388860763628167
4.909963985594238,0.00040387796202571123
4.913965586234494,-0.04171105650956703
4.91796718687475,-0.02490694453025618
4.921968787515006,0.02479603559734908
4.925970388155262,-0.027305183431220237
4.9299719887955185,0.0027229861306903285
4.933973589435775,-0.03921537650737828
4.93797519007603,-0.02670820082241883
4.941976790716287,0.009657842706246828
4.945978391356543,-0.00974788599855441
4.949979991996799,0.004829809247749699
4.953981592637055,-0.00513223611475962
4.957983193277311,0.026345464838270712
4.961984793917567,0.0014369607752967748
4.965986394557824,-0.008589130106416619
4.969987995198079,-0.009262851299963726
4.9739895958383356,0.024489522200377648
4.977991196478592,-0.038491286590129487
4.981992797118847,-0.019062134201874775
4.985994397759104,0.024321670168790138
4.98999599839936,-0.023781686755877735
4.993997599039616,0.004574295455052366
4.997999199679872,-0.004433138315400432
5.002000800320128,0.0008159818114411422
5.0060024009603845,0.009989518496490173
5.010004001600641,-0.040291087621890036
5.014005602240896,0.002187261905422157
5.018007202881153,0.008610966958469649
5.022008803521409,-0.030877939782495794
5.0260104041616644,-0.022359321621235453
5.030012004801921,0.012694992329165725
5.034013605442177,-0.009293691629237403
5.0380152060824335,0.004835259092163037
5.042016806722689,0.008988828011324411
5.046018407362945,0.009240385241302489
5.050020008003202,-0.02901298408086008
5.054021608643458,-0.00380320995028372
5.058023209283713,0.011727602903308557
5.06202480992397,0.016871837678622992
5.066026410564226,0.007715306877366281
5.070028011204482,0.0030932810158317775
5.074029611844738,0.026985280130608108
5.078031212484994,0.02625833034897134
5.082032813125251,-0.013373138606226614
5.086034413765506,-0.005477892497848642
5.090036014405762,0.02321608126758113
5.094037615046019,0.007609344379016586
5.098039215686275,0.009969608635651906
5.1020408163265305,0.001128558159741555
5.106042416966787,0.016307053764837175
5.110044017607043,0.011054634898994066
5.1140456182472995,-0.0027985756843152687
5.118047218887555,-0.010825234224921638
5.122048819527811,-0.019637171057435225
5.126050420168068,-0.009528426559750556
5.130052020808323,0.02909029894274822
5.1340536214485795,0.038926510510393586
5.138055222088836,0.035944713841687424
5.142056822729092,0.03256184133919953
5.146058423369348,0.07538230185257296
5.150060024009604,0.03365031993002514
5.15406162464986,-0.012663055455437382
5.158063225290117,0.027045633442485978
5.162064825930372,0.01568840526268553
5.166066426570628,0.03648536631609828
5.170068027210885,0.005663489247625202
5.17406962785114,0.02877452979437465
5.178071228491397,0.013247288802154911
5.182072829131653,0.004031244951754736
5.186074429771909,0.032375434106828235
5.190076030412165,0.03786255081415177
5.194077631052421,0.03108408561955917
5.198079231692677,0.056593836403571185
5.202080832332934,0.04495201539286353
5.206082432973189,0.05726032427579612
5.2100840336134455,0.00471229996818859
5.214085634253702,0.04372262357739465
5.218087234893958,0.009490861679771243
5.222088835534214,0.02718479684944513
5.22609043617447,0.021052263792537378
5.230092036814726,0.023637977869630497
5.234093637454982,0.0153865018180112
5.238095238095238,0.014777448596248329
5.2420968387354945,0.011804958634890513
5.246098439375751,0.006851030055949194
5.250100040016006,0.023672245849144742
5.254101640656263,0.003571637847766835
5.258103241296519,0.006155728102480631
5.262104841936775,0.018834631652485258
5.266106442577031,0.015502827286395343
5.270108043217287,0.020528971623852105
5.274109643857543,0.055649386175809
5.278111244497799,0.004573434346121532
5.282112845138055,0.027379322300152758
5.286114445778312,0.024799404435380312
5.290116046418568,0.05619775349702246
5.294117647058823,0.010612260378125115
5.29811924769908,0.0029906462712519927
5.302120848339336,0.01839260125057404
5.306122448979592,0.05193219839060409
5.310124049619848,0.05117655472889611
5.314125650260104,0.022270613855826904
5.3181272509003605,-0.0028410087634357997
5.322128851540617,0.024943021542347777
5.326130452180872,0.013950384604827715
5.330132052821129,0.00532423244839088
5.334133653461385,0.0370512121184495
5.3381352541016405,0.034915755598040804
5.342136854741897,0.020962823526232303
5.346138455382153,-0.010964792236786373
5.3501400560224095,0.04088576630958507
5.354141656662665,-0.0029945173176486456
5.358143257302921,0.05896495081724049
5.362144857943178,0.020686457544210703
5.366146458583434,-0.012124334265587655
5.370148059223689,0.01072647429905198
5.374149659863946,0.0011246962853857997
5.378151260504202,0.04160329451314308
5.382152861144458,0.01945088390590613
5.386154461784714,0.03343557474656889
5.39015606242497,0.02283880234936724
5.394157663065227,0.024858953835329274
5.398159263705482,0.014609856786670566
5.402160864345738,0.011163010977852083
5.406162464985995,0.03166699546475371
5.410164065626251,0.013092494832308904
5.4141656662665065,0.03314946278311038
5.418167266906763,0.02830557514237136
5.422168867547019,0.04050066744236926
5.4261704681872756,0.02876535205670899
5.430172068827531,0.111505408275812
5.434173669467787,0.08205311316146985
5.438175270108044,0.11591237053311482
5.442176870748299,0.13253513253189894
5.4461784713885555,0.14658243221486403
5.450180072028812,0.20856449885914677
5.454181672669068,0.25443487637142886
5.458183273309324,0.3068789116706297
5.46218487394958,0.35128668658230106
5.466186474589836,0.4392380560897593
5.470188075230093,0.49048642492890954
5.474189675870348,0.5571981265332164
5.4781912765106044,0.6220908660637634
5.482192877150861,0.6626189058950472
5.486194477791116,0.6787038480715122
5.490196078431373,0.7383635656438903
5.494197679071629,0.7655514968409293
5.498199279711885,0.8280710713796978
5.502200880352141,0.7939020661106494
5.506202480992397,0.7750736431866381
5.510204081632653,0.7508579531030558
5.51420568227291,0.7480659675154531
5.518207282913165,0.6601480517029424
5.5222088835534215,0.6271943253391907
5.526210484193678,0.5609062181655817
5.530212084833934,0.4720881987928273
5.53421368547419,0.4149166366052565
5.538215286114446,0.346591570349415
5.542216886754702,0.31410167830576535
5.546218487394958,0.24449028875622691
5.550220088035214,0.17826576228787963
5.5542216886754705,0.1397311568864874
5.558223289315727,0.10974429071090785
5.562224889955982,0.07134651446815965
5.566226490596239,0.07499104746464447
5.570228091236495,0.04253162102274809
5.574229691876751,0.05105931481318082
5.578231292517007,0.011157359852632668
5.582232893157263,0.0025554019827835964
5.5862344937975195,0.008287172194635588
5.590236094437775,0.023251852740585954
5.594237695078031,-0.029416813632716778
5.598239295718288,-0.024902450759525095
5.602240896358544,0.01569454488232802
5.606242496998799,-0.009603393101700684
5.610244097639056,-0.01827963752249489
5.614245698279312,-0.021495836761456222
5.618247298919568,-0.011809820280157474
5.622248899559824,-0.02165929284504333
5.62625050020008,-0.012987600119876246
5.630252100840337,-0.00709300300759294
5.634253701480592,0.028156735992945436
5.638255302120848,-0.009245177203093992
5.642256902761105,-0.03759432998283937
5.646258503401361,-0.0034279878972429192
5.6502601040416165,0.00517497861378188
5.654261704681873,-0.0003024356514886445
5.658263305322129,-0.03155355863990544
5.6622649059623855,0.0006923802307582834
5.666266506602641,-0.04135067269783746
5.670268107242897,0.018113141777655738
5.674269707883154,-0.013644999085375956
5.67827130852341,-3.0949806027934235e-05
5.6822729091636655,-0.033365940357401695
5.686274509803922,0.0031494026949070615
5.690276110444178,0.004245165256876016
5.694277711084434,-0.024795304105246573
5.69827931172469,-0.010257029902642923
5.702280912364946,0.004685931378512118
5.706282513005203,-0.02136862439657871
5.710284113645458,-0.027172191167360055
5.714285714285714,-0.04737384095820589
5.718287314925971,-0.021320602583648318
5.722288915566227,-0.041622843147826896
5.7262905162064826,-0.006545487963394277
5.730292116846739,-0.0025048521742230268
5.734293717486995,-0.027649966517486378
5.738295318127251,-0.020781907823520348
5.742296918767507,-0.019788633905570494
5.746298519407763,-0.015918236964801255
5.75030012004802,0.012324609405357196
5.754301720688275,-0.0363258731457311
5.7583033213285315,-0.0210917738584235
5.762304921968788,-0.006708755383267749
5.766306522609044,-0.029253410494337034
5.7703081232493,-0.03487908447981252
5.774309723889556,-0.02777845293391441
5.778311324529812,0.022607962373013008
5.782312925170069,-0.017445404364581123
5.786314525810324,-0.003570300347043545
5.7903161264505805,-0.010123187172847275
5.794317727090837,0.00027779080235703496
5.798319327731092,-0.03619896434182035
5.802320928371349,-0.05971259997214255
5.806322529011605,-0.019800769319815052
5.810324129651861,-0.019403342968233366
5.814325730292117,-0.019360834802059898
5.818327330932373,-0.006080082061903386
5.822328931572629,-0.022442474139976996
5.826330532212886,-0.011662493984538475
5.830332132853141,-0.029619882512423864
5.834333733493398,0.01784852531650452
5.838335334133654,0.0020797226115252185
5.842336934773909,-0.03449723225019175
5.846338535414166,-0.048015412114997
5.850340136054422,-0.045751061008406084
5.854341736694678,0.006316488970372281
5.858343337334934,-0.011944675104694635
5.86234493797519,-0.02268390835259012
5.8663465386154465,0.003163035233628977
5.870348139255703,-0.004761408645649329
5.874349739895958,-0.025595499691843684
5.878351340536215,-0.00949880498590212
5.882352941176471,-0.0094711890858309
5.886354541816727,-0.008282105466273204
5.890356142456983,-0.017339792395743802
5.894357743097239,-0.020183394861241346
5.8983593437374955,-0.051897034935852876
5.902360944377751,-0.031916543663370725
5.906362545018007,-0.01910631038714216
5.910364145658264,-0.008815182261611501
5.91436574629852,-0.02701188789301545
5.918367346938775,-0.039785409369576946
5.922368947579032,-0.008232094858943351
5.926370548219288,-0.03346163807019861
5.9303721488595444,-0.03342664425263728
5.9343737494998,-0.006283164327202119
5.938375350140056,-0.04299815270261614
5.942376950780313,-0.012984083134186367
5.946378551420568,-0.017785856229806954
5.950380152060824,-0.012765454275158754
5.954381752701081,0.027752387450558646
5.958383353341337,0.038319078993839795
5.9623849539815925,0.03129971925741375
5.966386554621849,0.010753919121717467
5.970388155262105,0.008554496847958675
5.9743897559023615,0.034303725495467056
5.978391356542617,-0.034218577884375004
5.982392957182873,0.012233351927638896
5.98639455782313,-0.009852001508700577
5.990396158463386,-0.025233093557956412
5.9943977591036415,0.0077092925532358065
5.998399359743898,-0.00643155559566538
6.002400960384154,-0.00144456414191039
6.00640256102441,-0.00698648407627021
6.010404161664666,-0.00901834075759091
6.014405762304922,0.010390743207710553
6.018407362945179,-0.0075610189575459705
6.022408963585434,0.00796392097785513
6.02641056422569,0.027291992353340077
6.030412164865947,-0.004550964339725721
6.034413765506203,-0.01268645533881389
6.038415366146459,0.023669206696350552
6.042416966786715,0.039769046871994285
6.046418567426971,0.020645565526035053
6.050420168067227,-0.018724752904503754
6.054421768707483,0.007840434444669142
6.058423369347739,-0.02002365405374571
6.062424969987996,0.010344494248374985
6.066426570628251,0.014329519616884298
6.0704281712685075,0.01254015301022127
6.074429771908764,0.01960385950731072
6.07843137254902,-0.0018309290117720853
6.082432973189276,-0.00995544018929513
6.086434573829532,0.00335567330174327
6.090436174469788,0.014336055115436255
6.094437775110045,0.039788457594054125
6.0984393757503,-0.0026474698801627165
6.1024409763905565,0.006296016735452028
6.106442577030813,0.026555973484414568
6.110444177671068,0.008615844119444278
6.114445778311325,0.009601098482517263
6.118447378951581,0.040505025421271254
6.122448979591837,0.04493346384761108
6.126450580232093,0.004253491229974413
6.130452180872349,0.03387596728345413
6.1344537815126055,0.021741625091660242
6.138455382152862,0.05974529800373679
6.142456982793117,0.043204807533585826
6.146458583433374,0.022942423597682296
6.15046018407363,0.021361728006768582
6.154461784713885,0.025104476039921025
6.158463385354142,0.0499766593748961
6.162464985994398,-0.0011753255999149143
6.166466586634654,0.021356937925707305
6.17046818727491,0.010152632075682882
6.174469787915166,0.014293662728747722
6.1784713885554225,0.00919326809404357
6.182472989195679,0.015621753620011097
6.186474589835934,-0.01313271864171248
6.190476190476191,0.01908209494169576
6.194477791116447,0.00278076799580285
6.1984793917567025,0.006442788459302996
6.202480992396959,0.04128442980103694
6.206482593037215,-0.00818846099748025
6.2104841936774715,0.059951904249829706
6.214485794317727,0.010795607439887788
6.218487394957983,-0.007608087194478946
6.22248899559824,0.049044469576569265
6.226490596238496,-0.021466359634815572
6.230492196878751,0.029304181747112364
6.234493797519008,-0.0029079577554394775
6.238495398159264,0.032930436179936504
6.2424969987995205,0.03326402098940137
6.246498599439776,0.007124300782780424
6.250500200080032,0.011048415089361448
6.254501800720289,0.004188575437800719
6.258503401360544,0.022957313956628603
6.2625050020008,0.015826493455021143
6.266506602641057,-0.01041934246131147
6.270508203281313,0.007880534001956332
6.2745098039215685,0.026931424093393577
6.278511404561825,0.018569081478614146
6.282513005202081,0.026788914157088707
6.286514605842338,0.02226148742493586
6.290516206482593,-0.007111346873859732
6.294517807122849,0.03244218349499142
6.298519407763106,0.06086302515487346
6.302521008403361,0.004332310626454077
6.3065226090436175,0.004512076339447569
6.310524209683874,0.0038281117382684103
6.31452581032413,0.018203414211728487
6.318527410964386,0.023279820086248293
6.322529011604642,0.0038224012781165693
6.326530612244898,0.04279883348064338
6.330532212885155,0.03219032034868856
6.33453381352541,-0.020554229435733276
6.3385354141656665,-0.024262735838323026
6.342537014805923,0.009071916780767455
6.346538615446179,-0.008519221560380711
6.350540216086435,0.00768964996811718
6.354541816726691,0.008522465281814277
6.358543417366947,0.043370570366357296
6.362545018007203,0.0551142470226805
6.366546618647459,0.01312637024708866
6.370548219287715,0.0075793690622789865
6.374549819927972,0.020901024526982375
6.378551420568227,-0.002083699691766505
6.382553021208484,-0.022623021894467153
6.38655462184874,0.033480547316976715
6.390556222488996,0.007824747959533569
6.394557823129252,-0.013844794693478246
6.398559423769508,0.030750242457315228
6.402561024409764,0.04024373746697665
6.40656262505002,0.006650529730516833
6.410564225690276,-0.011562606931810347
6.4145658263305325,0.05065449764985391
6.418567426970789,0.03529246618034021
6.422569027611044,0.03026005759031558
6.426570628251301,0.03441728379606228
6.430572228891557,0.07040038520220651
6.434573829531813,0.0973842815067654
6.438575430172069,0.0779821666504616
6.442577030812325,0.16397370669293448
6.4465786314525815,0.1889463406604925
6.450580232092838,0.18410344065313305
6.454581832733093,0.22929292777742644
6.45858343337335,0.32234325817623954
6.462585034013606,0.3923343595081164
6.466586634653861,0.4673298622591825
6.470588235294118,0.4806894180801469
6.474589835934374,0.5665557539435534
6.47859143657463,0.6156731843890658
6.482593037214886,0.7001932950559906
6.486594637855142,0.7309692493955763
6.490596238495399,0.7737016151861043
6.494597839135655,0.7724472051301338
6.49859943977591,0.8196896981848075
6.502601040416167,0.8189280126410329
6.506602641056423,0.7756719362091153
6.5106042416966785,0.7623437705132806
6.514605842336935,0.676682521708763
6.518607442977191,0.6676796810022452
6.5226090436174475,0.6012013873989016
6.526610644257703,0.526035021366042
6.530612244897959,0.48775697725468853
6.534613845538216,0.3782655762181019
6.538615446178472,0.3385293184875008
6.5426170468187275,0.2953235714456795
6.546618647458984,0.24946365361815026
6.55062024809924,0.1517290850726968
6.5546218487394965,0.16577815364856033
6.558623449379752,0.11207292384899546
6.562625050020008,0.09913322598977589
6.566626650660265,0.06335521703126434
6.57062825130052,0.03351821260585581
6.574629851940776,0.031281214573465645
6.578631452581033,-0.017261302930912218
6.582633053221289,0.028584512176976936
6.586634653861545,-0.001096081780920289
6.590636254501801,0.014585590483682685
6.594637855142057,0.01875178053780366
6.598639455782314,0.0011201626737255225
6.602641056422569,0.005909086234080228
6.606642657062825,0.005655309458771157
6.610644257703082,-0.04713361444616771
6.614645858343337,-0.010291996750906885
6.6186474589835935,-0.01397418170110076
6.62264905962385,0.009420459440087747
6.626650660264106,-0.033464754507184544
6.630652260904362,0.012534637165524923
6.634653861544618,0.0005398709417267483
6.638655462184874,0.00595934577259365
6.642657062825131,-0.03366958512868926
6.646658663465386,0.0032715674613150794
6.6506602641056425,-0.014574285617680174
6.654661864745899,0.0034904862432042494
6.658663465386155,-0.026115211983614904
6.662665066026411,-0.031011996092887573
6.666666666666667,-0.016895170021639244
6.670668267306923,-0.017648496385234972
6.674669867947179,-0.06845869803415178
6.678671468587435,-0.0035283776979778813
6.682673069227691,-0.02344017886366417
6.686674669867948,-0.015167371471427028
6.690676270508203,-6.093733167567353e-05
6.69467787114846,-0.027835328975100597
6.698679471788716,-0.002544463320200946
6.702681072428972,-0.01532011409764175
6.706682673069228,-0.01729475791110571
6.710684273709484,-0.05928093837933857
6.71468587434974,-0.033371380351712006
6.718687474989996,-0.02958018550682437
6.722689075630252,-0.018803572139815386
6.7266906762705085,-0.0162054401379467
6.730692276910765,-0.010305584335107965
6.73469387755102,-0.013641295168357256
6.738695478191277,-0.05682073293718687
6.742697078831533,-0.013098568411579102
6.746698679471789,0.0005805082760847874
6.750700280112045,-0.014967005028676799
6.754701880752301,0.01535217277780012
6.7587034813925575,0.010565493401163924
6.762705082032813,-0.04711337108538695
6.766706682673069,-0.021772605532878814
6.770708283313326,-0.06368579423170156
6.774709883953582,0.018467553129246177
6.778711484593837,-0.02295392976667552
6.782713085234094,0.014176959132335406
6.78671468587435,-0.01778616384777051
6.7907162865146065,-0.05407550279378408
6.794717887154862,-0.0560416919974113
6.798719487795118,-0.006186701518778533
6.802721088435375,-0.03561552697506716
6.806722689075631,0.01848727802249007
6.810724289715886,-0.004044840978294557
6.814725890356143,-0.042015336880436835
6.818727490996399,-0.007278585020924901
6.8227290916366545,-0.01330844323401998
6.826730692276911,-0.02482500728758103
6.830732292917167,0.00786433968762612
6.834733893557424,-0.02549491633923628
6.838735494197679,-0.03951470298580319
6.842737094837935,0.000869081646204993
6.846738695478192,-0.018672675361137772
6.850740296118448,-0.001990605296546946
6.8547418967587035,0.007210392538080725
6.85874349739896,-0.035877741145617356
6.862745098039216,-0.022650684199437734
6.866746698679472,-0.02665021910028661
6.870748299319728,-0.05162715310113503
6.874749899959984,-0.028099177574686683
6.878751500600241,-0.02100295241106772
6.882753101240496,-0.012305464485584993
6.8867547018807524,-0.02557261253108689
6.890756302521009,-0.011070526761573532
6.894757903161265,-0.010787800213571761
6.898759503801521,0.007008633638193823
6.902761104441777,-0.026805892304124904
6.906762705082033,0.011700947083851833
6.91076430572229,0.0015999404345828916
6.914765906362545,0.019444717953371243
6.918767507002801,-0.017964241459777847
6.922769107643058,-0.001148084317185244
6.926770708283313,-0.0035059503123152118
6.9307723089235695,-0.008342934349527537
6.934773909563826,-0.007994260364960681
6.938775510204082,-0.02136148771462635
6.942777110844338,0.003920505554108646
6.946778711484594,-0.05027631672291722
6.95078031212485,-0.025591294758703947
6.954781912765107,-0.021033388296107798
6.958783513405362,-0.046222900165858546
6.9627851140456185,-0.0300081804286057
6.966786714685875,-0.00117349000238083
6.97078831532613,-0.023929736004605795
6.974789915966387,-0.002788469996419406
6.978791516606643,0.0344924125217053
6.982793117246899,-0.0017317381118425
6.986794717887155,-0.00011927966954894246
6.990796318527411,-0.023346885570608055
6.9947979191676675,-0.008902835971087103
6.998799519807924,0.022403578294277842
7.002801120448179,0.023878609430911225
7.006802721088436,-0.011401022366119977
7.010804321728692,0.029468189414053107
7.014805922368948,0.01694594861572704
7.018807523009204,0.0023953657398338587
7.02280912364946,-0.006038699768815752
7.026810724289716,0.005818616284739034
7.030812324929972,0.0010828014761201828
7.034813925570228,-0.0033997213789039686
7.038815526210485,-0.013645485346568655
7.042817126850741,0.01304746809494711
7.046818727490996,0.021468618320700742
7.050820328131253,0.008663554748489824
7.054821928771509,0.0031719321705327916
7.058823529411765,0.0420824004335932
7.062825130052021,0.014269167659331752
7.066826730692277,-0.03064174741854111
7.0708283313325335,0.0079899103150781
7.074829931972789,0.011035206151989017
7.078831532613045,0.014985211297503423
7.082833133253302,0.03881907233922487
7.086834733893558,0.047999122711374215
7.0908363345338135,-0.007874904338984027
7.09483793517407,-0.005462302806765981
7.098839535814326,0.008129319457842002
7.1028411364545825,0.026016254990934247
7.106842737094838,0.019614085496480686
7.110844337735094,-0.006633088080993102
7.114845938375351,0.013096334804639558
7.118847539015607,-0.0008288606050554318
7.122849139655862,-0.003827205810770104
7.126850740296119,0.010714332412333317
7.130852340936375,0.01696859801822334
7.1348539415766306,0.0074157303243377265
7.138855542216887,0.0032735018572223416
7.142857142857143,0.038391644054912036
7.1468587434974,0.02967085177450082
7.150860344137655,0.01247199342719627
7.154861944777911,-0.008138996736615778
7.158863545418168,0.002235104654857222
7.162865146058424,0.03130574360071396
7.1668667466986795,0.020758505204151154
7.170868347338936,0.014108064174276968
7.174869947979192,0.0009020331361287055
7.178871548619448,0.027223534378336543
7.182873149259704,0.016583178422081915
7.18687474989996,0.04289667229844657
7.190876350540217,-0.006111678091115548
7.194877951180472,0.02886578225584127
7.1988795518207285,0.018486174675522257
7.202881152460985,0.00803193619211156
7.206882753101241,0.031885316325097446
7.210884353741497,-0.011832568350057523
7.214885954381753,-0.00323667045007529
7.218887555022009,0.012448978584327017
7.222889155662265,0.026842197993190087
7.226890756302521,0.026323126508486727
7.230892356942777,-0.01629818454995041
7.234893957583034,0.04483758326265555
7.238895558223289,0.04203704933387739
7.242897158863546,0.010267727194324627
7.246898759503802,0.03294641990752193
7.250900360144058,-0.01594264851850099
7.254901960784314,0.045836343492944465
7.25890356142457,0.0016525139618723088
7.262905162064826,0.019543257945910393
7.266906762705083,0.03507119239586337
7.270908363345338,0.01564681607861971
7.2749099639855945,0.020678766317173084
7.278911564625851,0.03275387315357581
7.282913165266106,0.009568402678485887
7.286914765906363,0.04296617554728334
7.290916366546619,0.010944867532936555
7.294917967186875,0.04058917454189914
7.298919567827131,-0.006957843844793619
7.302921168467387,0.02012536052081513
7.3069227691076435,0.04320175016368401
7.3109243697479,0.014542131197987716
7.314925970388155,0.05274582673881849
7.318927571028412,0.01844380366024024
7.322929171668668,8.86584592661721e-06
7.326930772308923,0.03195949231134818
7.33093237294918,0.014028827498522075
7.334933973589436,0.021720174857869468
7.3389355742296924,0.003413667924526872
7.342937174869948,0.012631465849987193
7.346938775510204,0.007383426370424771
7.350940376150461,0.023891564848657003
7.354941976790717,0.021403373202888605
7.358943577430972,0.02894880553634384
7.362945178071229,0.018953473380294985
7.366946778711485,0.01549248667022449
7.370948379351741,0.022213784504649767
7.374949979991997,0.010141228242544572
7.378951580632253,8.21311696961452e-06
7.3829531812725095,-0.007218115201913023
7.386954781912765,0.014330595126695222
7.390956382553021,0.026600379077989754
7.394957983193278,0.011114422056391496
7.398959583833534,0.02431814963246258
7.4029611844737895,0.0016324916168637509
7.406962785114046,0.0011965312680774914
7.410964385754302,0.02055561250141778
7.4149659863945585,0.03667634862295439
7.418967587034814,0.03743912684740278
7.42296918767507,0.04498220749321996
7.426970788315327,0.029001023383024963
7.430972388955582,0.05976043375055223
7.434973989595838,0.10090367823953766
7.438975590236095,0.09990951716866031
7.442977190876351,0.16210036187250593
7.446978791516607,0.19759522944146993
7.450980392156863,0.23746426856393904
7.454981992797119,0.2558897642371149
7.458983593437376,0.34313132220229614
7.462985194077631,0.3657741838188108
7.466986794717887,0.41979833956192536
7.470988395358144,0.48611577894096014
7.4749899959984,0.5847668597609222
7.4789915966386555,0.627274107081345
7.482993197278912,0.7089793834836964
7.486994797919168,0.7151948596432095
7.490996398559424,0.7783530844407124
7.49499799919968,0.8112768882004971
7.498999599839936,0.8369824349646136
7.503001200480193,0.8091676422263677
7.507002801120448,0.7937692379706214
7.5110044017607045,0.7366380567108388
7.515006002400961,0.7088573863196901
7.519007603041217,0.6641124325098174
7.523009203681473,0.5509874915458667
7.527010804321729,0.5224607456875913
7.531012404961985,0.48793318836722743
7.535014005602241,0.39908976909077987
7.539015606242497,0.3443769423960798
7.5430172068827535,0.30617949618016094
7.54701880752301,0.20741798017706492
7.551020408163265,0.21022145238208423
7.555022008803522,0.11399042701772763
7.559023609443778,0.1102905470464815
7.563025210084034,0.06204782454495897
7.56702681072429,0.08733942545729306
7.571028411364546,0.03679858718254761
7.575030012004802,0.02987107390352496
7.579031612645059,0.031442990889803485
7.583033213285314,0.038082588801627404
7.5870348139255706,0.009914943300182185
7.591036414565827,0.015163295854632221
7.595038015206082,-0.009526187800473148
7.599039615846339,-0.02824740788818842
7.603041216486595,-0.031061668735926556
7.607042817126851,0.0008986524422980556
7.611044417767107,-0.0019178229184742285
7.615046018407363,-0.02026302185089213
7.6190476190476195,-0.032815920596148664
7.623049219687876,0.008615763482054643
7.627050820328131,-0.018406659388873287
7.631052420968388,-0.03224388192347688
7.635054021608644,-0.028993956651811904
7.6390556222488994,-0.02021106679939884
7.643057222889156,-0.02162833395197926
7.647058823529412,-0.03806908583849847
7.6510604241696685,-0.021115603913326206
7.655062024809924,0.005174118076945528
7.65906362545018,0.0004351832010373452
7.663065226090437,-0.0378230411261833
7.667066826730693,-0.024791558055828486
7.671068427370948,-0.04971758593651206
7.675070028011205,-0.006960739434326279
7.679071628651461,0.026995602911277984
7.6830732292917165,-0.03152974739761914
7.687074829931973,-0.004685139497249028
7.691076430572229,-0.039330646319719914
7.695078031212486,-0.026753195189680282
7.699079631852741,-0.010830121379203589
7.703081232492997,0.00020830567567767244
7.707082833133254,-0.013133673196977998
7.71108443377351,-0.030474820124310485
7.7150860344137655,-0.008344724094695288
7.719087635054022,0.010242263246185764
7.723089235694278,-0.04363750509755815
7.7270908363345345,0.02393518963632676
7.73109243697479,0.010607693613761238
7.735094037615046,-0.0033503975511018115
7.739095638255303,0.0043489327374714
7.743097238895558,-0.03404803036202731
7.7470988395358145,-0.0110585188773339
7.751100440176071,-0.02467538002261361
7.755102040816327,-0.02966614247090609
7.759103641456583,-0.022436253231684126
7.763105242096839,-0.018632508594370427
7.767106842737095,-0.013017408708469541
7.771108443377352,-0.017527472073050922
7.775110044017607,-0.05959405825692832
7.779111644657863,-0.011477252339760581
7.78311324529812,-0.007861481124840412
7.787114845938375,-0.03128580627804946
7.791116446578632,-0.02085279123695073
7.795118047218888,-0.02270374120807908
7.799119647859144,-0.030028323813197713
7.8031212484994,-0.04282494993333096
7.807122849139656,-0.02731362996433433
7.811124449779912,-0.03591636720102328
7.815126050420169,-0.01308980851646021
7.819127651060424,-0.01672519191627713
7.8231292517006805,0.0185253446955557
7.827130852340937,-0.03351785703315398
7.831132452981193,-0.054938228193773274
7.835134053621449,0.0297470431687553
7.839135654261705,-0.05462618891674065
7.843137254901961,-0.01129329390183625
7.847138855542217,-0.041927341870850815
7.851140456182473,-0.03547272433331726
7.8551420568227295,0.01810256105674817
7.859143657462986,-0.0003140813437876207
7.863145258103241,-0.03990390287141916
7.867146858743498,-0.018520414160018678
7.871148459383754,0.011604873874982125
7.87515006002401,-0.018439794139450523
7.879151660664266,-0.03439616327659661
7.883153261304522,-0.033406365792432016
7.887154861944778,-0.032819729460243974
7.891156462585034,-0.016688885418142126
7.89515806322529,0.05856736348380274
7.899159663865547,0.006339600087625498
7.903161264505803,-0.004283299575392162
7.907162865146058,0.0212781961171062
7.911164465786315,0.018771394642576683
7.915166066426571,0.019079956458181453
7.919167667066827,-0.0009667782439883137
7.923169267707083,-0.03847952161042998
7.927170868347339,0.006523268888019717
7.9311724689875955,-0.0032850592839558258
7.935174069627852,-0.006004812793722156
7.939175670268107,-0.005139639177108587
7.943177270908364,-0.019715526210518867
7.94717887154862,0.006010152671456341
7.9511804721888755,0.031918167625733775
7.955182072829132,0.019312961178503965
7.959183673469388,-0.0065394242398818915
7.9631852741096445,0.008887193093673853
7.9671868747499,-0.0033355103506791427
7.971188475390156,0.006929848890652294
7.975190076030413,-0.021523387386751035
7.979191676670669,-0.004334430361483165
7.983193277310924,-0.02059149588851842
7.987194877951181,-0.017127601324370603
7.991196478591437,-0.020304756254515558
7.995198079231693,0.022145886065414178
7.999199679871949,0.029456602385172538
8.003201280512204,0.00794771681611248
8.00720288115246,0.011011253202310722
8.011204481792717,0.0033336485235091313
8.015206082432973,0.008311118217004795
8.01920768307323,-0.01747193777165371
8.023209283713486,0.0048059306760616614
8.027210884353742,-0.010810693985231866
8.031212484993999,0.01650480718898008
8.035214085634253,0.00413274704340741
8.03921568627451,-0.01894692265701822
8.043217286914766,0.008813662383306442
8.047218887555022,0.015416241693247186
8.051220488195279,-0.009740241876254352
8.055222088835535,0.03006922134518535
8.059223689475791,-0.0006867868948077409
8.063225290116046,0.022051474523719212
8.067226890756302,0.023595002393045114
8.071228491396559,0.006488993591904146
8.075230092036815,0.018349648567998963
8.079231692677071,-0.01715540562493564
8.083233293317328,0.007692124030431804
8.087234893957584,0.021548376810933516
8.09123649459784,0.011969006314620556
8.095238095238095,0.003691309666949306
8.099239695878351,0.02391323002220805
8.103241296518608,0.03238765289962974
8.107242897158864,-0.00919517914975775
8.11124449779912,0.02559974386428761
8.115246098439377,-0.0014543062755598413
8.119247699079633,0.005062407582756617
8.123249299719888,0.009335032188636464
8.127250900360144,0.006216483522787428
8.1312525010004,0.05831179724507487
8.135254101640657,-0.010027113929236112
8.139255702280913,0.023587440148946807
8.14325730292117,-0.01636388200945459
8.147258903561426,0.03926701239883616
8.15126050420168,0.022234146754600385
8.155262104841936,0.0035938157051820675
8.159263705482193,-0.011166920143666888
8.16326530612245,0.027775480169467598
8.167266906762706,-0.006509537484026304
8.171268507402962,0.024396205772112885
8.175270108043218,0.029864197905469486
8.179271708683475,0.013556707111437735
8.183273309323729,0.01569932766516223
8.187274909963985,0.049480072437861344
8.191276510604242,0.051077127344269335
8.195278111244498,0.03783819039538917
8.199279711884754,-0.019588580183126064
8.20328131252501,-0.023583502435643555
8.207282913165267,0.0008624563794196426
8.211284513805522,0.032542539563590676
8.215286114445778,0.022573309610655488
8.219287715086034,0.008340693790693202
8.22328931572629,-0.0072773656023763615
8.227290916366547,0.04003430600667544
8.231292517006803,0.041088641364110556
8.23529411764706,0.03453556604948224
8.239295718287316,0.03654046686138478
8.24329731892757,0.021377083606666725
8.247298919567827,0.004537366163948477
8.251300520208083,0.036161590075793185
8.25530212084834,0.003467733475727198
8.259303721488596,0.025149135226606605
8.263305322128852,0.0355469150185167
8.267306922769109,-0.02937933267732073
8.271308523409363,-0.00746341695138962
8.27531012404962,0.02925808041321165
8.279311724689876,0.0031585152809633747
8.283313325330132,0.019122379141084955
8.287314925970389,-0.013419599145257637
8.291316526610645,0.01914391548632486
8.295318127250901,0.017558815704576326
8.299319727891156,0.00505980740248071
8.303321328531412,-0.03369712281596746
8.307322929171669,-0.0016544993354139122
8.311324529811925,0.0006212513509612112
8.315326130452181,0.014204804293308972
8.319327731092438,0.03656255440290128
8.323329331732694,0.019820118764631123
8.32733093237295,0.03779451315772431
8.331332533013205,-0.01171407072307757
8.335334133653461,0.052792878386730115
8.339335734293718,0.03628458223414545
8.343337334933974,0.010380623951035218
8.34733893557423,0.0249452147209382
8.351340536214487,-0.00969809000803697
8.355342136854743,0.02676172198462349
8.359343737494997,-0.0025117668458276513
8.363345338135254,0.015159512314218608
8.36734693877551,0.020344157099485515
8.371348539415767,0.006647269574670564
8.375350140056023,-0.01859096329932319
8.37935174069628,-0.0038192909374103363
8.383353341336536,0.01997134112283512
8.387354941976792,0.00872011777267236
8.391356542617046,-0.015679532788642758
8.395358143257303,0.037823654825197214
8.39935974389756,0.02014592800811999
8.403361344537815,0.028771463476518495
8.407362945178072,0.033544756086840676
8.411364545818328,0.048776569595029455
8.415366146458584,0.014708454289477571
8.419367747098839,0.009669010042260427
8.423369347739095,0.011003711555423259
8.427370948379352,0.06730197127280917
8.431372549019608,0.07852653751693184
8.435374149659864,0.07805366278743811
8.43937575030012,0.07294842747005344
8.443377350940377,0.12616662276427465
8.447378951580633,0.19934590438519495
8.451380552220888,0.1950351541086052
8.455382152861144,0.2575784136434772
8.4593837535014,0.31369370822086445
8.463385354141657,0.3845882187857046
8.467386954781913,0.4253985503045395
8.47138855542217,0.5037668183840589
8.475390156062426,0.5727156136032001
8.47939175670268,0.6429935650775591
8.483393357342937,0.6766510109769905
8.487394957983193,0.7434141837086445
8.49139655862345,0.7743237785217808
8.495398159263706,0.7898667362821182
8.499399759903962,0.8197205988831145
8.503401360544219,0.7905434140001706
8.507402961184473,0.7560520989860678
8.51140456182473,0.756797542185315
8.515406162464986,0.7029055947760388
8.519407763105242,0.6496371236103163
8.523409363745499,0.573257267854361
8.527410964385755,0.5282575926370159
8.531412565026011,0.4605363242821349
8.535414165666268,0.410281565976644
8.539415766306522,0.3626104063100592
8.543417366946779,0.30752495856187567
8.547418967587035,0.22786198259756357
8.551420568227291,0.17424453656944447
8.555422168867548,0.13380408875974853
8.559423769507804,0.10089737183894687
8.56342537014806,0.05502207136358756
8.567426970788315,0.059027034809229786
8.571428571428571,0.04386536515733693
8.575430172068828,0.016671533066450098
8.579431772709084,0.021941819568580528
8.58343337334934,0.01631099638253951
8.587434973989597,-0.001970343585285315
8.591436574629853,-0.016940295910620698
8.59543817527011,0.011048039027492561
8.599439775910364,0.019868041616130552
8.60344137655062,-0.005156128197409864
8.607442977190876,-0.027399927352703655
8.611444577831133,-0.015359325085524855
8.61544617847139,-0.003981832695006024
8.619447779111646,-0.01879762456256378
8.623449379751902,-0.03374714654963998
8.627450980392156,0.008781223187457646
8.631452581032413,-0.007816987647368523
8.635454181672669,-0.03051814181026867
8.639455782312925,-0.002214167719104973
8.643457382953182,-0.005564057335651046
8.647458983593438,-0.0419128972724724
8.651460584233694,0.02204847476038784
8.65546218487395,-0.030708839998682125
8.659463785514205,-0.03772089776070031
8.663465386154462,0.007633252381173884
8.667466986794718,-0.044548462933970384
8.671468587434974,-0.019488214244172134
8.67547018807523,0.02453425514003721
8.679471788715487,-0.0503574438373207
8.683473389355743,-0.005919859817491642
8.687474989995998,-0.0007343571047882594
8.691476590636254,-0.051441408407558356
8.69547819127651,-0.009235899835807821
8.699479791916767,-0.045534091009791895
8.703481392557023,-0.06933687541752334
8.70748299319728,-0.017960652174475858
8.711484593837536,-0.02628472740774168
8.71548619447779,-0.043257903493575875
8.719487795118047,-0.020274774441685215
8.723489395758303,-0.038141794220713794
8.72749099639856,-0.02189348245013566
8.731492597038816,-0.049022476490943254
8.735494197679072,-0.018306609355168584
8.739495798319329,-0.04474480963780583
8.743497398959585,-0.02036599878229037
8.74749899959984,0.012103587103813426
8.751500600240096,-0.004634790400185683
8.755502200880352,-0.0014045283399015639
8.759503801520609,-0.0015905285087550597
8.763505402160865,-0.04472051866897468
8.767507002801121,0.007734028688953728
8.771508603441378,-0.01658330693138584
8.775510204081632,-0.031103634491101227
8.779511804721889,-0.030633231868101823
8.783513405362145,-0.010154840632262381
8.787515006002401,-0.03283407083586456
8.791516606642658,-0.0007222575927539575
8.795518207282914,0.008120725263747946
8.79951980792317,-0.03680526188821598
8.803521408563427,-0.03460230845482059
8.807523009203681,-0.004120690563458589
8.811524609843937,-0.03224054367888378
8.815526210484194,-0.005021232208361115
8.81952781112445,-0.0176559326426017
8.823529411764707,0.006956601554528801
8.827531012404963,-0.0017585192407377596
8.83153261304522,-0.03822833615960447
8.835534213685474,-0.03385357482007819
8.83953581432573,0.011886192219366903
8.843537414965986,-0.0036743823059812754
8.847539015606243,0.018679882214846767
8.8515406162465,-0.002789051789440866
8.855542216886755,-0.04207294741481419
8.859543817527012,0.01660410181318567
8.863545418167266,0.0016905945196233133
8.867547018807523,-0.00844150454903921
8.871548619447779,-0.023842748068050486
8.875550220088035,-0.030013191371104673
8.879551820728292,-0.023875220363184235
8.883553421368548,-0.02767653723909778
8.887555022008804,-0.033902595728838913
8.89155662264906,-0.03438003665212935
8.895558223289315,-0.011498707204138314
8.899559823929572,-0.038809789452462544
8.903561424569828,0.03750913057930347
8.907563025210084,-0.027659736004715683
8.91156462585034,0.013995255169597105
8.915566226490597,-0.022520532559542887
8.919567827130853,0.002785929044269197
8.923569427771108,-0.006736573886709892
8.927571028411364,-0.0200569167023558
8.93157262905162,-0.016472137535528612
8.935574229691877,-0.024612836865094145
8.939575830332133,0.012318351019175966
8.94357743097239,0.004270794960699702
8.947579031612646,0.02703966847432459
8.951580632252902,0.007361167926537793
8.955582232893157,0.023240282215396656
8.959583833533413,0.008076005650989641
8.96358543417367,0.017249433774483146
8.967587034813926,0.00043261185808009944
8.971588635454182,0.0018438036505882896
8.975590236094439,-0.0009194427808200726
8.979591836734695,-0.009926344835952844
8.98359343737495,-0.00911298862861696
8.987595038015206,0.009378055764371732
8.991596638655462,0.004759052081014098
8.995598239295719,0.013788507943909192
8.999599839935975,-0.01737034024867281
9.003601440576231,0.0024039384547421038
9.007603041216488,-0.021376241060726553
9.011604641856744,-0.0025495229566613728
9.015606242496998,0.039155061773501115
9.019607843137255,-0.02133518972332194
9.023609443777511,0.023996476998301243
9.027611044417768,-0.016900381917379397
9.031612645058024,-0.013982069486919723
9.03561424569828,0.007453205483104789
9.039615846338537,-0.008897601594718639
9.043617446978791,-0.009490624901294986
9.047619047619047,0.008165808175573955
9.051620648259304,0.03155957650838518
9.05562224889956,-0.010626933611747866
9.059623849539816,0.0212214480350833
9.063625450180073,-0.003249830762236023
9.06762705082033,0.0034076936359335027
9.071628651460584,0.04417468909538962
9.07563025210084,0.0002992657089643438
9.079631852741096,0.013010934366762344
9.083633453381353,0.02696098920511686
9.087635054021609,-0.014846871323196254
9.091636654661865,-0.016433105881528767
9.095638255302122,-0.03715422544482095
9.099639855942378,-0.012830896828097994
9.103641456582633,0.028083103177186198
9.107643057222889,-0.009506373115195114
9.111644657863145,0.026306364933919434
9.115646258503402,0.0037984574324875613
9.119647859143658,0.004696208203175321
9.123649459783914,0.02284470483969004
9.12765106042417,-3.22225224588784e-05
9.131652661064425,-0.016266971220968755
9.135654261704682,0.028544318756014552
9.139655862344938,0.034056310006712255
9.143657462985194,-0.0021003345001287324
9.14765906362545,0.006609020663026112
9.151660664265707,0.04873098417642767
9.155662264905963,0.021240701176295722
9.15966386554622,0.0029860689894787833
9.163665466186474,0.021782881763418485
9.16766706682673,0.004707648310698153
9.171668667466987,0.025805452371991756
9.175670268107243,0.00385344361317963
9.1796718687475,0.022174168262125094
9.183673469387756,0.06294315175005344
9.187675070028012,0.027422292411634873
9.191676670668267,0.028627515295300766
9.195678271308523,0.00793023560651792
9.19967987194878,0.04122305956777234
9.203681472589036,0.019799112545472487
9.207683073229292,-0.007653567527047975
9.211684673869549,0.023923073814503634
9.215686274509805,0.04061893430192115
9.219687875150061,0.07621000692663452
9.223689475790316,0.042989778898407056
9.227691076430572,0.025788406110077416
9.231692677070829,0.01917552423430908
9.235694277711085,0.04500191343050319
9.239695878351341,0.017154000658447393
9.243697478991598,0.03974810455005153
9.247699079631854,0.023935081078740834
9.251700680272108,-0.0009739987583200563
9.255702280912365,0.05371669136495735
9.259703881552621,0.03987019715788763
9.263705482192877,0.01758103121934807
9.267707082833134,0.04437285153335452
9.27170868347339,0.0028051471229041426
9.275710284113647,-0.03803326087133199
9.279711884753901,0.02339691596704126
9.283713485394157,-0.011281388778251366
9.287715086034414,0.03615025874358477
9.29171668667467,0.0036141891529695262
9.295718287314926,0.01996097291123663
9.299719887955183,0.0067325280059848825
9.30372148859544,-0.03197481451838935
9.307723089235695,0.022720178199889005
9.31172468987595,0.009430722645331171
9.315726290516206,0.02928375270641665
9.319727891156463,0.030751771926099257
9.323729491796719,0.0025449422099397684
9.327731092436975,0.011688561315320662
9.331732693077232,0.02537425671224155
9.335734293717488,0.008921492712756817
9.339735894357743,0.0011141400248620252
9.343737494997999,0.014886842317710793
9.347739095638255,-0.03466944102623528
9.351740696278512,0.052631272964502665
9.355742296918768,0.04148503396652337
9.359743897559024,-0.024209507813174373
9.36374549819928,0.013421108140679958
9.367747098839537,0.040430741701608486
9.371748699479792,-0.008848493182984172
9.375750300120048,0.006861293094123135
9.379751900760304,0.05319658701142363
9.38375350140056,-0.005505562938352557
9.387755102040817,0.029579315241216965
9.391756702681073,0.024166723163650754
9.39575830332133,0.058280558673851325
9.399759903961584,0.011847430353772812
9.40376150460184,0.018338248868795377
9.407763105242097,0.00559004152512192
9.411764705882353,0.02754315285481526
9.41576630652261,0.04652421738509608
9.419767907162866,0.019326377484655648
9.423769507803122,0.02290809880717838
9.427771108443377,0.05930224565473648
9.431772709083633,0.08940833147987827
9.43577430972389,0.11281697642895225
9.439775910364146,0.12633608428338228
9.443777511004402,0.11871654572831483
9.447779111644659,0.15376994108054667
9.451780712284915,0.21211519940451173
9.455782312925171,0.2807041127948274
9.459783913565426,0.3428116913205355
9.463785514205682,0.3929539489999448
9.467787114845938,0.4501714730769362
9.471788715486195,0.51082872715068
9.475790316126451,0.5735457522031703
9.479791916766708,0.6226219694640568
9.483793517406964,0.7215768006714377
9.487795118047218,0.7210333471473167
9.491796718687475,0.7723539711173116
9.495798319327731,0.7828569576281627
9.499799919967987,0.7632406232612404
9.503801520608244,0.794374040515122
9.5078031212485,0.7473224033020263
9.511804721888756,0.7603207626340933
9.515806322529013,0.6728290313753924
9.519807923169267,0.6369511237834411
9.523809523809524,0.6031464163849114
9.52781112444978,0.5489361310282432
9.531812725090036,0.4411194076395734
9.535814325730293,0.3896205394289266
9.539815926370549,0.34389715436666013
9.543817527010805,0.2531182919262126
9.54781912765106,0.19192969382599448
9.551820728291316,0.16179393082492444
9.555822328931573,0.10946154845033458
9.559823929571829,0.10588574307026324
9.563825530212085,0.07708922940748608
9.567827130852342,0.06232101491456771
9.571828731492598,0.02678488905430622
9.575830332132854,0.008759941282773461
9.579831932773109,0.02897042383134219
9.583833533413365,-0.006131622285589319
9.587835134053622,-0.008732739460920718
9.591836734693878,0.016818334265076722
9.595838335334134,0.00862356454511694
9.59983993597439,-0.019730098395321014
9.603841536614647,-0.0019209222898660238
9.607843137254902,-0.0641651584598527
9.611844737895158,-0.027843072850473334
9.615846338535414,-0.0330774965505969
9.61984793917567,-0.012546986861594566
9.623849539815927,-0.005919844848412598
9.627851140456183,-0.028235115323693386
9.63185274109644,-0.015557607219369716
9.635854341736694,-0.010725112709097543
9.63985594237695,-0.04349624069907028
9.643857543017207,-0.03609469838273181
9.647859143657463,-0.020289616263005107
9.65186074429772,-0.03268193939235395
9.655862344937976,-0.011275799222978281
9.659863945578232,-0.005341791990658108
9.663865546218489,-0.02808435544753089
9.667867146858743,-0.03791860831625407
9.671868747499,-0.02545678992701375
9.675870348139256,-0.01570973958988377
9.679871948779512,-0.030914284042891906
9.683873549419769,-0.013341456713269738
9.687875150060025,-0.007564137127823252
9.691876750700281,-0.00010993079455521443
9.695878351340536,0.010577554971888385
9.699879951980792,-0.021590906983599573
9.703881552621048,0.03356642143868477
9.707883153261305,-0.01876322697260996
9.711884753901561,-0.020687539352498716
9.715886354541817,-0.04107808173574788
9.719887955182074,-0.015330331032220292
9.72388955582233,-0.012935480904229836
9.727891156462585,0.009243619412456015
9.731892757102841,-0.016416954556491163
9.735894357743097,-0.03468378179455607
9.739895958383354,-0.022236803740111603
9.74389755902361,-0.050280954057683756
9.747899159663866,-0.03306888037739103
9.751900760304123,-0.017540931980893307
9.755902360944377,0.011906680095462339
9.759903961584634,-0.025982958942838662
9.76390556222489,0.027863497907906275
9.767907162865146,-0.018246977405904825
9.771908763505403,-0.02933345161155277
9.775910364145659,-0.03976738537701734
9.779911964785915,-0.05731960696645726
9.78391356542617,-0.01371259209614313
9.787915166066426,-0.024857014430224797
9.791916766706683,-0.03637152532477225
9.795918367346939,-0.010801026334695346
9.799919967987195,-0.03982598166043547
9.803921568627452,-0.05565657440582991
9.807923169267708,-0.0500453289380787
9.811924769907964,-0.03832615619725174
9.815926370548219,-0.022917956681297848
9.819927971188475,-0.015848673655934384
9.823929571828732,-0.0250844258421604
9.827931172468988,-0.0418397556431523
9.831932773109244,0.0017826270961891488
9.8359343737495,-0.029062051787081735
9.839935974389757,-0.005530078460095449
9.843937575030012,0.0013111574389592165
9.847939175670268,0.012869383063773446
9.851940776310524,-0.016063563681979386
9.85594237695078,0.006646539313785116
9.859943977591037,-0.008478553983938283
9.863945578231293,9.686010260625752e-06
9.86794717887155,-0.0454638904347285
9.871948779511806,-0.012378643395008937
9.87595038015206,0.0018922297395452866
9.879951980792317,-0.022192111923161686
9.883953581432573,0.018373058450058467
9.88795518207283,-0.04373548425329758
9.891956782713086,-0.00987758666616642
9.895958383353342,0.0018314815453212788
9.899959983993599,-0.005243349437903714
9.903961584633853,0.0405741262228701
9.90796318527411,-0.021063011847906026
9.911964785914366,-0.038731929162566264
9.915966386554622,-0.018831616904537787
9.919967987194878,0.023926909536608205
9.923969587835135,-0.007562812919955564
9.927971188475391,-0.014611574466045581
9.931972789115648,-0.01358215227502236
9.935974389755902,0.010960941240226792
9.939975990396158,-0.005016490901108813
9.943977591036415,-0.023118991581314946
9.947979191676671,0.00662772833126136
9.951980792316927,0.00197360747737123
9.955982392957184,0.011286345443962885
9.95998399359744,0.035225559946661905
9.963985594237695,-0.00011924836361584031
9.967987194877951,-0.009719339183030909
9.971988795518207,-0.0050464511722185445
9.975990396158464,-0.01917224773405323
9.97999199679872,0.008446841970279928
9.983993597438976,-0.00873188514874777
9.987995198079233,-0.006758476593264561
9.991996798719487,0.021909316250260363
9.995998399359744,-0.004437934979093039
10.0,-0.0022304666149507053
