timestamp,ecg_value
00:00:00.000,1.0
00:00:00.010,0.9003241658210753
00:00:00.020,0.35858994722366333
00:00:00.030,0.051458671689033515
00:00:00.040,0.04659643396735191
00:00:00.050,0.1268233358860016
00:00:00.060,0.1333063244819641
00:00:00.070,0.11912479996681212
00:00:00.080,0.11061588674783707
00:00:00.090,0.11304700374603271
00:00:00.100,0.10656402260065077
00:00:00.110,0.10696920752525328
00:00:00.120,0.11588330566883089
00:00:00.130,0.1223662868142128
00:00:00.140,0.1223662868142128
00:00:00.150,0.11952998489141464
00:00:00.160,0.11588330566883089
00:00:00.170,0.1223662868142128
00:00:00.180,0.12601296603679657
00:00:00.190,0.13371150195598602
00:00:00.200,0.13492706418037415
00:00:00.210,0.1426256150007248
00:00:00.220,0.15113452076911926
00:00:00.230,0.1584278792142868
00:00:00.240,0.1636953055858612
00:00:00.250,0.1738249659538269
00:00:00.260,0.18881686031818387
00:00:00.270,0.2078606188297272
00:00:00.280,0.23095624148845673
00:00:00.290,0.25850892066955566
00:00:00.300,0.2945705056190491
00:00:00.310,0.32576984167099
00:00:00.320,0.3626418113708496
00:00:00.330,0.3982982039451599
00:00:00.340,0.4294975697994232
00:00:00.350,0.4493516981601715
00:00:00.360,0.4509724378585816
00:00:00.370,0.4189627170562744
00:00:00.380,0.3727714717388153
00:00:00.390,0.3103727698326111
00:00:00.400,0.25
00:00:00.410,0.2042139321565628
00:00:00.420,0.1689627170562744
00:00:00.430,0.1474878489971161
00:00:00.440,0.13047002255916595
00:00:00.450,0.12439221888780592
00:00:00.460,0.1175040528178215
00:00:00.470,0.11669367551803587
00:00:00.480,0.11588330566883089
00:00:00.490,0.11871960759162901
00:00:00.500,0.11547812074422836
00:00:00.510,0.11385737359523772
00:00:00.520,0.11952998489141464
00:00:00.530,0.11669367551803587
00:00:00.540,0.1227714717388153
00:00:00.550,0.12074553966522215
00:00:00.560,0.11669367551803587
00:00:00.570,0.1227714717388153
00:00:00.580,0.12641815841197968
00:00:00.590,0.13168556988239288
00:00:00.600,0.14181523025035858
00:00:00.610,0.13938412070274353
00:00:00.620,0.14505672454833984
00:00:00.630,0.1434359848499298
00:00:00.640,0.14100486040115356
00:00:00.650,0.14059968292713165
00:00:00.660,0.1381685584783554
00:00:00.670,0.13695299625396729
00:00:00.680,0.132090762257576
00:00:00.690,0.1284440904855728
00:00:00.700,0.1284440904855728
00:00:00.710,0.1280388981103897
00:00:00.720,0.12520259618759155
00:00:00.730,0.1223662868142128
00:00:00.740,0.117098867893219
00:00:00.750,0.1126418188214302
00:00:00.760,0.11304700374603271
00:00:00.770,0.1276337057352066
00:00:00.780,0.16531604528427124
00:00:00.790,0.1794975697994232
00:00:00.800,0.16126418113708496
00:00:00.810,0.17666126787662506
00:00:00.820,0.18273906409740448
00:00:00.830,0.17463533580303192
00:00:00.840,0.15153971314430237
00:00:00.850,0.147893026471138
00:00:00.860,0.13492706418037415
00:00:00.870,0.1227714717388153
00:00:00.880,0.10696920752525328
00:00:00.890,0.09805510193109512
00:00:00.900,0.09440843015909195
00:00:00.910,0.08914100378751753
00:00:00.920,0.08914100378751753
00:00:00.930,0.08873581886291504
00:00:00.940,0.09076175093650816
00:00:00.950,0.08589951694011688
00:00:00.960,0.08589951694011688
00:00:00.970,0.08914100378751753
00:00:00.980,0.08427876979112625
00:00:00.990,0.05794165283441544
00:00:01.000,0.0
00:00:01.010,0.11628849059343338
00:00:01.020,0.3095623850822449
00:00:01.030,0.8342787623405457
00:00:01.040,0.9643436074256898
00:00:01.050,0.5615883469581604
00:00:01.060,0.08144246041774748
00:00:01.070,0.03241490945219993
00:00:01.080,0.1126418188214302
00:00:01.090,0.15235008299350739
00:00:01.100,0.13573743402957916
00:00:01.110,0.12479740381240843
00:00:01.120,0.12358184903860092
00:00:01.130,0.12358184903860092
00:00:01.140,0.11588330566883089
00:00:01.150,0.11547812074422836
00:00:01.160,0.11669367551803587
00:00:01.170,0.12479740381240843
00:00:01.180,0.1280388981103897
00:00:01.190,0.13006483018398285
00:00:01.200,0.1268233358860016
00:00:01.210,0.12965963780879974
00:00:01.220,0.13614262640476227
00:00:01.230,0.0
00:00:01.240,0.0
00:00:01.250,0.0
00:00:01.260,0.0
00:00:01.270,0.0
00:00:01.280,0.0
00:00:01.290,0.0
00:00:01.300,0.0
00:00:01.310,0.0
00:00:01.320,0.0
00:00:01.330,0.0
00:00:01.340,0.0
00:00:01.350,0.0
00:00:01.360,0.0
00:00:01.370,0.0
00:00:01.380,0.0
00:00:01.390,0.0
00:00:01.400,0.0
00:00:01.410,0.0
00:00:01.420,0.0
00:00:01.430,0.0
00:00:01.440,0.0
00:00:01.450,0.0
00:00:01.460,0.0
00:00:01.470,0.0
00:00:01.480,0.0
00:00:01.490,0.0
00:00:01.500,0.0
00:00:01.510,0.0
00:00:01.520,0.0
00:00:01.530,0.0
00:00:01.540,0.0
00:00:01.550,0.0
00:00:01.560,0.0
00:00:01.570,0.0
00:00:01.580,0.0
00:00:01.590,0.0
00:00:01.600,0.0
00:00:01.610,0.0
00:00:01.620,0.0
00:00:01.630,0.0
00:00:01.640,0.0
00:00:01.650,0.0
00:00:01.660,0.0
00:00:01.670,0.0
00:00:01.680,0.0
00:00:01.690,0.0
00:00:01.700,0.0
00:00:01.710,0.0
00:00:01.720,0.0
00:00:01.730,0.0
00:00:01.740,0.0
00:00:01.750,0.0
00:00:01.760,0.0
00:00:01.770,0.0
00:00:01.780,0.0
00:00:01.790,0.0
00:00:01.800,0.0
00:00:01.810,0.0
00:00:01.820,0.0
00:00:01.830,0.0
00:00:01.840,0.0
00:00:01.850,0.0
00:00:01.860,0.0
00:00:01.870,1.0
00:00:01.880,0.7946814894676208
00:00:01.890,0.375386506319046
00:00:01.900,0.11688311398029327
00:00:01.910,0.0
00:00:01.920,0.17192330956459043
00:00:01.930,0.283858984708786
00:00:01.940,0.29375386238098145
00:00:01.950,0.3259121775627136
00:00:01.960,0.34508347511291504
00:00:01.970,0.3617810904979706
00:00:01.980,0.3623995184898376
00:00:01.990,0.36611008644104
00:00:02.000,0.3679653704166412
00:00:02.010,0.37414965033531195
00:00:02.020,0.3778602480888367
00:00:02.030,0.3821892440319061
00:00:02.040,0.3846629559993744
00:00:02.050,0.3988868296146393
00:00:02.060,0.40136054158210754
00:00:02.070,0.4180581271648407
00:00:02.080,0.4434137344360352
00:00:02.090,0.4576376080513
00:00:02.100,0.48794063925743103
00:00:02.110,0.5207173824310303
00:00:02.120,0.5596784353256226
00:00:02.130,0.604205310344696
00:00:02.140,0.6345083713531494
00:00:02.150,0.6536796689033508
00:00:02.160,0.6728509664535521
00:00:02.170,0.6784168481826782
00:00:02.180,0.6604823470115662
00:00:02.190,0.6215213537216187
00:00:02.200,0.5559678673744202
00:00:02.210,0.48237475752830505
00:00:02.220,0.4384663105010986
00:00:02.230,0.3784786760807037
00:00:02.240,0.3512677848339081
00:00:02.250,0.31972789764404297
00:00:02.260,0.3067408800125122
00:00:02.270,0.29560914635658264
00:00:02.280,0.2931354343891144
00:00:02.290,0.29189857840538025
00:00:02.300,0.29251700639724726
00:00:02.310,0.2789115607738495
00:00:02.320,0.2789115607738495
00:00:02.330,0.2807668447494507
00:00:02.340,0.2807668447494507
00:00:02.350,0.2857142984867096
00:00:02.360,0.27458256483078
00:00:02.370,0.2752009928226471
00:00:02.380,0.27396413683891296
00:00:02.390,0.2844774127006531
00:00:02.400,0.2764378488063812
00:00:02.410,0.2752009928226471
00:00:02.420,0.2776747047901153
00:00:02.430,0.2795299887657165
00:00:02.440,0.2826221287250519
00:00:02.450,0.2795299887657165
00:00:02.460,0.2733457088470459
00:00:02.470,0.268398255109787
00:00:02.480,0.26901668310165405
00:00:02.490,0.2677798271179199
00:00:02.500,0.2572665512561798
00:00:02.510,0.2523190975189209
00:00:02.520,0.252937525510788
00:00:02.530,0.2572665512561798
00:00:02.540,0.24984538555145264
00:00:02.550,0.2510822415351868
00:00:02.560,0.2510822415351868
00:00:02.570,0.24984538555145264
00:00:02.580,0.2418058067560196
00:00:02.590,0.24118737876415247
00:00:02.600,0.243661105632782
00:00:02.610,0.24489796161651609
00:00:02.620,0.23933209478855133
00:00:02.630,0.2418058067560196
00:00:02.640,0.23871366679668424
00:00:02.650,0.24242424964904785
00:00:02.660,0.24118737876415247
00:00:02.670,0.2306740880012512
00:00:02.680,0.2325293719768524
00:00:02.690,0.22820037603378293
00:00:02.700,0.2374768108129501
00:00:02.710,0.2430426776409149
00:00:02.720,0.243661105632782
00:00:02.730,0.2430426776409149
00:00:02.740,0.26901668310165405
00:00:02.750,0.26345083117485046
00:00:02.760,0.29066172242164606
00:00:02.770,0.2764378488063812
00:00:02.780,0.2782931327819824
00:00:02.790,0.25170066952705383
00:00:02.800,0.25664812326431274
00:00:02.810,0.2523190975189209
00:00:02.820,0.24613481760025024
00:00:02.830,0.24675324559211728
00:00:02.840,0.2380952388048172
00:00:02.850,0.22077922523021695
00:00:02.860,0.2306740880012512
00:00:02.870,0.2356215268373489
00:00:02.880,0.24613481760025024
00:00:02.890,0.24427953362464905
00:00:02.900,0.2504638135433197
00:00:02.910,0.25850340723991394
00:00:02.920,0.2560296952724457
00:00:02.930,0.3469387888908386
00:00:02.940,0.41682127118110657
00:00:02.950,0.5170068144798279
00:00:02.960,0.8695114254951477
00:00:02.970,0.9845392704010008
00:00:02.980,0.5553494095802307
00:00:02.990,0.2418058067560196
00:00:03.000,0.030921459197998047
00:00:03.010,0.044526901096105576
00:00:03.020,0.2275819480419159
00:00:03.030,0.268398255109787
00:00:03.040,0.2813852727413177
00:00:03.050,0.31663575768470764
00:00:03.060,0.3259121775627136
00:00:03.070,0.3314780592918396
00:00:03.080,0.33951762318611145
00:00:03.090,0.3487940728664398
00:00:03.100,0.3469387888908386
00:00:03.110,0.344465047121048
00:00:03.120,0.35003092885017395
00:00:03.130,0.35930734872818
00:00:03.140,0.3667285144329071
00:00:03.150,0.37662336230278015
00:00:03.160,0.38589981198310846
00:00:03.170,0.3976499736309052
00:00:03.180,0.41682127118110657
00:00:03.190,0.0
00:00:03.200,0.0
00:00:03.210,0.0
00:00:03.220,0.0
00:00:03.230,0.0
00:00:03.240,0.0
00:00:03.250,0.0
00:00:03.260,0.0
00:00:03.270,0.0
00:00:03.280,0.0
00:00:03.290,0.0
00:00:03.300,0.0
00:00:03.310,0.0
00:00:03.320,0.0
00:00:03.330,0.0
00:00:03.340,0.0
00:00:03.350,0.0
00:00:03.360,0.0
00:00:03.370,0.0
00:00:03.380,0.0
00:00:03.390,0.0
00:00:03.400,0.0
00:00:03.410,0.0
00:00:03.420,0.0
00:00:03.430,0.0
00:00:03.440,0.0
00:00:03.450,0.0
00:00:03.460,0.0
00:00:03.470,0.0
00:00:03.480,0.0
00:00:03.490,0.0
00:00:03.500,0.0
00:00:03.510,0.0
00:00:03.520,0.0
00:00:03.530,0.0
00:00:03.540,0.0
00:00:03.550,0.0
00:00:03.560,0.0
00:00:03.570,0.0
00:00:03.580,0.0
00:00:03.590,0.0
00:00:03.600,0.0
00:00:03.610,0.0
00:00:03.620,0.0
00:00:03.630,0.0
00:00:03.640,0.0
00:00:03.650,0.0
00:00:03.660,0.0
00:00:03.670,0.0
00:00:03.680,0.0
00:00:03.690,0.0
00:00:03.700,0.0
00:00:03.710,0.0
00:00:03.720,0.0
00:00:03.730,0.0
00:00:03.740,0.909028947353363
00:00:03.750,0.7914820909500122
00:00:03.760,0.423168659210205
00:00:03.770,0.18671210110187528
00:00:03.780,0.0
00:00:03.790,0.007836456410586836
00:00:03.800,0.063032366335392
00:00:03.810,0.07700170576572418
00:00:03.820,0.07495740801095961
00:00:03.830,0.07734242081642151
00:00:03.840,0.07734242081642151
00:00:03.850,0.08722317218780516
00:00:03.860,0.09199318289756776
00:00:03.870,0.09505962580442429
00:00:03.880,0.0964224860072136
00:00:03.890,0.10494037717580797
00:00:03.900,0.10800681263208388
00:00:03.910,0.11379897594451904
00:00:03.920,0.11652470380067824
00:00:03.930,0.11993185430765152
00:00:03.940,0.12436115741729736
00:00:03.950,0.13219761848449707
00:00:03.960,0.14582623541355133
00:00:03.970,0.15264055132865903
00:00:03.980,0.1635434478521347
00:00:03.990,0.17546848952770233
00:00:04.000,0.18943782150745392
00:00:04.010,0.2047700136899948
00:00:04.020,0.22930152714252472
00:00:04.030,0.25281089544296265
00:00:04.040,0.27597954869270325
00:00:04.050,0.3025553524494171
00:00:04.060,0.32129472494125366
00:00:04.070,0.33390119671821594
00:00:04.080,0.3458262383937836
00:00:04.090,0.3485519587993622
00:00:04.100,0.3471890985965729
00:00:04.110,0.3342418968677521
00:00:04.120,0.3066439628601074
00:00:04.130,0.27461668848991394
00:00:04.140,0.23781941831111908
00:00:04.150,0.20647358894348145
00:00:04.160,0.18364565074443817
00:00:04.170,0.16252128779888153
00:00:04.180,0.14514480531215668
00:00:04.190,0.135264053940773
00:00:04.200,0.12572401762008667
00:00:04.210,0.11993185430765152
00:00:04.220,0.1158432736992836
00:00:04.230,0.11277683079242706
00:00:04.240,0.11005111038684844
00:00:04.250,0.11311754584312438
00:00:04.260,0.1107325404882431
00:00:04.270,0.10902895778417589
00:00:04.280,0.11175468564033508
00:00:04.290,0.11175468564033508
00:00:04.300,0.11618398874998093
00:00:04.310,0.11993185430765152
00:00:04.320,0.12129472196102142
00:00:04.330,0.12061328440904616
00:00:04.340,0.11788756400346756
00:00:04.350,0.12299829721450804
00:00:04.360,0.12436115741729736
00:00:04.370,0.12572401762008667
00:00:04.380,0.12402044236660004
00:00:04.390,0.126064732670784
00:00:04.400,0.12708687782287595
00:00:04.410,0.12197615206241608
00:00:04.420,0.12708687782287595
00:00:04.430,0.12640544772148132
00:00:04.440,0.1287904530763626
00:00:04.450,0.12640544772148132
00:00:04.460,0.12436115741729736
00:00:04.470,0.125042587518692
00:00:04.480,0.13219761848449707
00:00:04.490,0.12947189807891843
00:00:04.500,0.12708687782287595
00:00:04.510,0.12367972731590272
00:00:04.520,0.12640544772148132
00:00:04.530,0.12299829721450804
00:00:04.540,0.12061328440904616
00:00:04.550,0.12197615206241608
00:00:04.560,0.12061328440904616
00:00:04.570,0.12640544772148132
00:00:04.580,0.12265758216381072
00:00:04.590,0.12402044236660004
00:00:04.600,0.12163543701171876
00:00:04.610,0.12470187246799468
00:00:04.620,0.12844973802566528
00:00:04.630,0.1315161883831024
00:00:04.640,0.13185690343379974
00:00:04.650,0.13492333889007568
00:00:04.660,0.13662691414356232
00:00:04.670,0.1356047689914703
00:00:04.680,0.13662691414356232
00:00:04.690,0.13458262383937836
00:00:04.700,0.13492333889007568
00:00:04.710,0.13492333889007568
00:00:04.720,0.13594548404216766
00:00:04.730,0.14071550965309143
00:00:04.740,0.1390119194984436
00:00:04.750,0.14071550965309143
00:00:04.760,0.14105622470378876
00:00:04.770,0.14446337521076202
00:00:04.780,0.14480409026145935
00:00:04.790,0.14446337521076202
00:00:04.800,0.14412266016006467
00:00:04.810,0.14514480531215668
00:00:04.820,0.14889267086982727
00:00:04.830,0.1482112407684326
00:00:04.840,0.15127767622470856
00:00:04.850,0.1482112407684326
00:00:04.860,0.1468483805656433
00:00:04.870,0.1478705257177353
00:00:04.880,0.1492333859205246
00:00:04.890,0.15161839127540588
00:00:04.900,0.16320273280143735
00:00:04.910,0.18841567635536197
00:00:04.920,0.20919932425022125
00:00:04.930,0.21601362526416776
00:00:04.940,0.2538330554962158
00:00:04.950,0.2582623362541199
00:00:04.960,0.2603066563606262
00:00:04.970,0.261328786611557
00:00:04.980,0.2327086925506592
00:00:04.990,0.2197615057229996
00:00:05.000,0.2126064747571945
00:00:05.010,0.16967631876468658
00:00:05.020,0.1403747797012329
00:00:05.030,0.12981261312961578
00:00:05.040,0.12674616277217865
00:00:05.050,0.12538330256938934
00:00:05.060,0.126064732670784
00:00:05.070,0.1287904530763626
00:00:05.080,0.11277683079242706
00:00:05.090,0.135264053940773
00:00:05.100,0.22896081209182736
00:00:05.110,0.5908007025718689
00:00:05.120,0.9904599785804749
00:00:05.130,1.0
00:00:05.140,0.6749573945999146
00:00:05.150,0.33253833651542664
00:00:05.160,0.1315161883831024
00:00:05.170,0.07768313586711884
00:00:05.180,0.13424190878868103
00:00:05.190,0.16729131340980527
00:00:05.200,0.16626916825771332
00:00:05.210,0.16831345856189728
00:00:05.220,0.16831345856189728
00:00:05.230,0.1700170338153839
00:00:05.240,0.17410561442375183
00:00:05.250,0.17819420993328094
00:00:05.260,0.18364565074443817
00:00:05.270,0.186371386051178
00:00:05.280,0.19114139676094052
00:00:05.290,0.1945485472679138
00:00:05.300,0.20170357823371887
00:00:05.310,0.20817717909812927
00:00:05.320,0.2122657597064972
00:00:05.330,0.2197615057229996
00:00:05.340,0.22759795188903809
00:00:05.350,0.23884156346321103
00:00:05.360,0.24906302988529205
00:00:05.370,0.2545144855976105
00:00:05.380,0.2701874077320099
00:00:05.390,0.0
00:00:05.400,0.0
00:00:05.410,0.0
00:00:05.420,0.0
00:00:05.430,0.0
00:00:05.440,0.0
00:00:05.450,0.0
00:00:05.460,0.0
00:00:05.470,0.0
00:00:05.480,0.0
00:00:05.490,0.0
00:00:05.500,0.0
00:00:05.510,0.0
00:00:05.520,0.0
00:00:05.530,0.0
00:00:05.540,0.0
00:00:05.550,0.0
00:00:05.560,0.0
00:00:05.570,0.0
00:00:05.580,0.0
00:00:05.590,0.0
00:00:05.600,0.0
00:00:05.610,1.0
00:00:05.620,0.4788933396339417
00:00:05.630,0.05675984174013138
00:00:05.640,0.06417569518089294
00:00:05.650,0.08128921687602995
00:00:05.660,0.07273245602846146
00:00:05.670,0.05561893805861473
00:00:05.680,0.04877353087067604
00:00:05.690,0.05447803810238838
00:00:05.700,0.041642896831035614
00:00:05.710,0.04905875772237778
00:00:05.720,0.05134055763483048
00:00:05.730,0.049343980848789215
00:00:05.740,0.04592127725481987
00:00:05.750,0.04991443082690239
00:00:05.760,0.05390758812427521
00:00:05.770,0.04962920770049095
00:00:05.780,0.04592127725481987
00:00:05.790,0.05504848808050156
00:00:05.800,0.05362236127257347
00:00:05.810,0.06360524892807007
00:00:05.820,0.0661722794175148
00:00:05.830,0.08328579366207123
00:00:05.840,0.09498003125190736
00:00:05.850,0.11580148339271544
00:00:05.860,0.13120365142822263
00:00:05.870,0.1531659960746765
00:00:05.880,0.17826582491397855
00:00:05.890,0.21021106839179993
00:00:05.900,0.23274387419223783
00:00:05.910,0.2661152184009552
00:00:05.920,0.28665146231651306
00:00:05.930,0.3057615458965301
00:00:05.940,0.31745579838752747
00:00:05.950,0.30490586161613464
00:00:05.960,0.2646891176700592
00:00:05.970,0.22390188276767728
00:00:05.980,0.1916714161634445
00:00:05.990,0.14090131223201752
00:00:06.000,0.11180832982063292
00:00:06.010,0.0924130082130432
00:00:06.020,0.06959497928619385
00:00:06.030,0.0738733634352684
00:00:06.040,0.055904164910316474
00:00:06.050,0.06417569518089294
00:00:06.060,0.055904164910316474
00:00:06.070,0.05333713814616203
00:00:06.080,0.054192811250686646
00:00:06.090,0.06274957209825516
00:00:06.100,0.0638904720544815
00:00:06.110,0.0638904720544815
00:00:06.120,0.06873930245637894
00:00:06.130,0.06731317937374115
00:00:06.140,0.06474614888429642
00:00:06.150,0.06531660258769989
00:00:06.160,0.06930975615978241
00:00:06.170,0.06474614888429642
00:00:06.180,0.06560182571411133
00:00:06.190,0.06446092575788498
00:00:06.200,0.06046776846051216
00:00:06.210,0.06560182571411133
00:00:06.220,0.06645750254392624
00:00:06.230,0.05647461488842964
00:00:06.240,0.06018254533410072
00:00:06.250,0.05191101133823394
00:00:06.260,0.05191101133823394
00:00:06.270,0.050199657678604126
00:00:06.280,0.04905875772237778
00:00:06.290,0.045350827276706696
00:00:06.300,0.05790074169635773
00:00:06.310,0.052196234464645386
00:00:06.320,0.03936109691858292
00:00:06.330,0.04420992732048035
00:00:06.340,0.04192812368273735
00:00:06.350,0.04734740406274796
00:00:06.360,0.04677695408463478
00:00:06.370,0.043639473617076874
00:00:06.380,0.042783800512552254
00:00:06.390,0.04050199687480927
00:00:06.400,0.03707929328083992
00:00:06.410,0.04734740406274796
00:00:06.420,0.042498573660850525
00:00:06.430,0.039646320044994354
00:00:06.440,0.04050199687480927
00:00:06.450,0.03736451640725136
00:00:06.460,0.03907587006688117
00:00:06.470,0.04420992732048035
00:00:06.480,0.03736451640725136
00:00:06.490,0.03508271649479866
00:00:06.500,0.03108956106007099
00:00:06.510,0.034512266516685486
00:00:06.520,0.029663434252142903
00:00:06.530,0.036508843302726746
00:00:06.540,0.030519109219312668
00:00:06.550,0.03508271649479866
00:00:06.560,0.04192812368273735
00:00:06.570,0.03736451640725136
00:00:06.580,0.035653166472911835
00:00:06.590,0.03023388423025608
00:00:06.600,0.03879064321517944
00:00:06.610,0.03622361645102501
00:00:06.620,0.028522532433271408
00:00:06.630,0.0353679396212101
00:00:06.640,0.03879064321517944
00:00:06.650,0.03194523602724075
00:00:06.660,0.0430690236389637
00:00:06.670,0.03508271649479866
00:00:06.680,0.03622361645102501
00:00:06.690,0.03822019323706626
00:00:06.700,0.05989731848239899
00:00:06.710,0.07216200977563858
00:00:06.720,0.07130633294582367
00:00:06.730,0.08870507776737213
00:00:06.740,0.1069594994187355
00:00:06.750,0.11323445290327072
00:00:06.760,0.12122076749801636
00:00:06.770,0.13034798204898834
00:00:06.780,0.10296634584665298
00:00:06.790,0.08128921687602995
00:00:06.800,0.059326868504285805
00:00:06.810,0.034512266516685486
00:00:06.820,0.027666857466101646
00:00:06.830,0.033656589686870575
00:00:06.840,0.027952082455158237
00:00:06.850,0.018824871629476547
00:00:06.860,0.02224757522344589
00:00:06.870,0.024814603850245476
00:00:06.880,0.02338847704231739
00:00:06.890,0.025385053828358647
00:00:06.900,0.0
00:00:06.910,0.010553336702287195
00:00:06.920,0.27495720982551575
00:00:06.930,0.6591557264328003
00:00:06.940,0.9386765360832214
00:00:06.950,0.7703936100006102
00:00:06.960,0.14061608910560608
00:00:06.970,0.061038218438625336
00:00:06.980,0.08699372410774232
00:00:06.990,0.0
00:00:07.000,0.0
00:00:07.010,0.0
00:00:07.020,0.0
00:00:07.030,0.0
00:00:07.040,0.0
00:00:07.050,0.0
00:00:07.060,0.0
00:00:07.070,0.0
00:00:07.080,0.0
00:00:07.090,0.0
00:00:07.100,0.0
00:00:07.110,0.0
00:00:07.120,0.0
00:00:07.130,0.0
00:00:07.140,0.0
00:00:07.150,0.0
00:00:07.160,0.0
00:00:07.170,0.0
00:00:07.180,0.0
00:00:07.190,0.0
00:00:07.200,0.0
00:00:07.210,0.0
00:00:07.220,0.0
00:00:07.230,0.0
00:00:07.240,0.0
00:00:07.250,0.0
00:00:07.260,0.0
00:00:07.270,0.0
00:00:07.280,0.0
00:00:07.290,0.0
00:00:07.300,0.0
00:00:07.310,0.0
00:00:07.320,0.0
00:00:07.330,0.0
00:00:07.340,0.0
00:00:07.350,0.0
00:00:07.360,0.0
00:00:07.370,0.0
00:00:07.380,0.0
00:00:07.390,0.0
00:00:07.400,0.0
00:00:07.410,0.0
00:00:07.420,0.0
00:00:07.430,0.0
00:00:07.440,0.0
00:00:07.450,0.0
00:00:07.460,0.0
00:00:07.470,0.0
00:00:07.480,1.0
00:00:07.490,0.8672383427619934
00:00:07.500,0.20136013627052307
00:00:07.510,0.09934949874877928
00:00:07.520,0.14133648574352264
00:00:07.530,0.12093435972929
00:00:07.540,0.1085156723856926
00:00:07.550,0.0963926687836647
00:00:07.560,0.09343583881855011
00:00:07.570,0.10082791000604628
00:00:07.580,0.08693081140518188
00:00:07.590,0.09402720630168913
00:00:07.600,0.09580130130052567
00:00:07.610,0.0963926687836647
00:00:07.620,0.08959195762872696
00:00:07.630,0.09491425007581712
00:00:07.640,0.08959195762872696
00:00:07.650,0.09491425007581712
00:00:07.660,0.09816676378250122
00:00:07.670,0.10230632871389388
00:00:07.680,0.0996451824903488
00:00:07.690,0.09668835252523422
00:00:07.700,0.1085156723856926
00:00:07.710,0.12773506343364716
00:00:07.720,0.1283264309167862
00:00:07.730,0.14902424812316895
00:00:07.740,0.17238320410251615
00:00:07.750,0.20402128994464877
00:00:07.760,0.22176226973533633
00:00:07.770,0.25428739190101624
00:00:07.780,0.2847427427768707
00:00:07.790,0.3092844486236572
00:00:07.800,0.32968658208847046
00:00:07.810,0.34417504072189326
00:00:07.820,0.35984623432159424
00:00:07.830,0.333530455827713
00:00:07.840,0.2921348214149475
00:00:07.850,0.25340035557746887
00:00:07.860,0.21673566102981567
00:00:07.870,0.1714961528778076
00:00:07.880,0.13867534697055817
00:00:07.890,0.11590774357318878
00:00:07.900,0.10644589364528656
00:00:07.910,0.10348905622959136
00:00:07.920,0.08515670895576477
00:00:07.930,0.08338261395692825
00:00:07.940,0.08900059014558792
00:00:07.950,0.08190419524908066
00:00:07.960,0.08072146773338316
00:00:07.970,0.08604376018047331
00:00:07.980,0.0813128352165222
00:00:07.990,0.07687758654356003
00:00:08.000,0.0887049064040184
00:00:08.010,0.0963926687836647
00:00:08.020,0.10289769619703291
00:00:08.030,0.08811353892087936
00:00:08.040,0.0946185663342476
00:00:08.050,0.10585452616214752
00:00:08.060,0.10141927748918532
00:00:08.070,0.08811353892087936
00:00:08.080,0.10053222626447676
00:00:08.090,0.09550561755895615
00:00:08.100,0.10467179119586945
00:00:08.110,0.091661736369133
00:00:08.120,0.08988764137029648
00:00:08.130,0.09520993381738663
00:00:08.140,0.09846244752407074
00:00:08.150,0.08515670895576477
00:00:08.160,0.08515670895576477
00:00:08.170,0.091661736369133
00:00:08.180,0.07628621906042099
00:00:08.190,0.08308693021535873
00:00:08.200,0.07746895402669905
00:00:08.210,0.08397398144006729
00:00:08.220,0.07539917528629304
00:00:08.230,0.07421644032001494
00:00:08.240,0.08367829769849777
00:00:08.250,0.07392075657844542
00:00:08.260,0.07392075657844542
00:00:08.270,0.06978119164705276
00:00:08.280,0.07303370535373686
00:00:08.290,0.07273802161216736
00:00:08.300,0.06771141290664673
00:00:08.310,0.07007687538862228
00:00:08.320,0.08338261395692825
00:00:08.330,0.0626848042011261
00:00:08.340,0.07244234532117844
00:00:08.350,0.07096392661333084
00:00:08.360,0.07865168899297714
00:00:08.370,0.07539917528629304
00:00:08.380,0.06534595042467117
00:00:08.390,0.08072146773338316
00:00:08.400,0.07332938909530638
00:00:08.410,0.06475458294153214
00:00:08.420,0.08013010025024414
00:00:08.430,0.0718509778380394
00:00:08.440,0.07007687538862228
00:00:08.450,0.06564163416624069
00:00:08.460,0.07539917528629304
00:00:08.470,0.06386753171682358
00:00:08.480,0.06386753171682358
00:00:08.490,0.07007687538862228
00:00:08.500,0.06623300164937973
00:00:08.510,0.0688941478729248
00:00:08.520,0.06712004542350769
00:00:08.530,0.06238912045955657
00:00:08.540,0.06918983161449432
00:00:08.550,0.06534595042467117
00:00:08.560,0.07066824287176132
00:00:08.570,0.06386753171682358
00:00:08.580,0.06682436168193817
00:00:08.590,0.08456534892320633
00:00:08.600,0.105558842420578
00:00:08.610,0.08900059014558792
00:00:08.620,0.10171496123075484
00:00:08.630,0.12507392466068268
00:00:08.640,0.1374926120042801
00:00:08.650,0.14281490445137024
00:00:08.660,0.15937314927577972
00:00:08.670,0.12507392466068268
00:00:08.680,0.10969839990139008
00:00:08.690,0.08219987899065018
00:00:08.700,0.06327616423368454
00:00:08.710,0.04997043311595917
00:00:08.720,0.04376108944416046
00:00:08.730,0.03548196330666542
00:00:08.740,0.03962152451276779
00:00:08.750,0.03962152451276779
00:00:08.760,0.03962152451276779
00:00:08.770,0.0443524532020092
00:00:08.780,0.04050857573747634
00:00:08.790,0.038734477013349526
00:00:08.800,0.0
00:00:08.810,0.20313423871994016
00:00:08.820,0.5901833176612854
00:00:08.830,0.9305145144462584
00:00:08.840,0.9858072400093079
00:00:08.850,0.2953873574733734
00:00:08.860,0.06534595042467117
00:00:08.870,0.10526315867900848
00:00:08.880,0.10171496123075484
00:00:08.890,0.08338261395692825
00:00:08.900,0.0
00:00:08.910,0.0
00:00:08.920,0.0
00:00:08.930,0.0
00:00:08.940,0.0
00:00:08.950,0.0
00:00:08.960,0.0
00:00:08.970,0.0
00:00:08.980,0.0
00:00:08.990,0.0
00:00:09.000,0.0
00:00:09.010,0.0
00:00:09.020,0.0
00:00:09.030,0.0
00:00:09.040,0.0
00:00:09.050,0.0
00:00:09.060,0.0
00:00:09.070,0.0
00:00:09.080,0.0
00:00:09.090,0.0
00:00:09.100,0.0
00:00:09.110,0.0
00:00:09.120,0.0
00:00:09.130,0.0
00:00:09.140,0.0
00:00:09.150,0.0
00:00:09.160,0.0
00:00:09.170,0.0
00:00:09.180,0.0
00:00:09.190,0.0
00:00:09.200,0.0
00:00:09.210,0.0
00:00:09.220,0.0
00:00:09.230,0.0
00:00:09.240,0.0
00:00:09.250,0.0
00:00:09.260,0.0
00:00:09.270,0.0
00:00:09.280,0.0
00:00:09.290,0.0
00:00:09.300,0.0
00:00:09.310,0.0
00:00:09.320,0.0
00:00:09.330,0.0
00:00:09.340,0.0
00:00:09.350,0.9489833116531373
00:00:09.360,0.5052650570869446
00:00:09.370,0.0041757444851100445
00:00:09.380,0.022512707859277725
00:00:09.390,0.05954974517226219
00:00:09.400,0.10729847848415373
00:00:09.410,0.11038489639759064
00:00:09.420,0.11129266768693924
00:00:09.430,0.1165577322244644
00:00:09.440,0.11819171905517578
00:00:09.450,0.11310820281505583
00:00:09.460,0.1323529481887817
00:00:09.470,0.129992738366127
00:00:09.480,0.13289760053157806
00:00:09.490,0.13725490868091583
00:00:09.500,0.15123456716537476
00:00:09.510,0.15795207023620603
00:00:09.520,0.15559186041355133
00:00:09.530,0.1801016628742218
00:00:09.540,0.1870007216930389
00:00:09.550,0.20025417208671567
00:00:09.560,0.22512708604335785
00:00:09.570,0.23983296751976013
00:00:09.580,0.27450981736183167
00:00:09.590,0.2872186005115509
00:00:09.600,0.3137255012989044
00:00:09.610,0.33678287267684937
00:00:09.620,0.34731298685073847
00:00:09.630,0.35421204566955566
00:00:09.640,0.3400508463382721
00:00:09.650,0.31681191921234125
00:00:09.660,0.2677923142910004
00:00:09.670,0.22367465496063232
00:00:09.680,0.1801016628742218
00:00:09.690,0.15613652765750885
00:00:09.700,0.1348946988582611
00:00:09.710,0.11401597410440444
00:00:09.720,0.10675381124019621
00:00:09.730,0.10475672036409378
00:00:09.740,0.0882352963089943
00:00:09.750,0.09368191659450531
00:00:09.760,0.10112563520669936
00:00:09.770,0.09694989025592805
00:00:09.780,0.09658678621053696
00:00:09.790,0.0949527993798256
00:00:09.800,0.09658678621053696
00:00:09.810,0.09531590342521667
00:00:09.820,0.09259258955717087
00:00:09.830,0.09931009262800217
00:00:09.840,0.1031227335333824
00:00:09.850,0.10366739332675932
00:00:09.860,0.1062091514468193
00:00:09.870,0.10584603995084763
00:00:09.880,0.09912853688001633
00:00:09.890,0.09876543283462524
00:00:09.900,0.10384894907474516
00:00:09.910,0.1043936088681221
00:00:09.920,0.10058097541332243
00:00:09.930,0.09277414530515671
00:00:09.940,0.09204792976379393
00:00:09.950,0.10003630816936492
00:00:09.960,0.09077705442905426
00:00:09.970,0.09059549868106842
00:00:09.980,0.09803921729326248
00:00:09.990,0.09622367471456528
00:00:10.000,0.08750908076763153
00:00:10.010,0.09822077304124832
00:00:10.020,0.09023238718509674
00:00:10.030,0.08533042669296265
00:00:10.040,0.0900508314371109
00:00:10.050,0.09331881254911423
00:00:10.060,0.08315178006887437
00:00:10.070,0.09222948551177977
00:00:10.080,0.08297022432088853
00:00:10.090,0.08242556452751158
00:00:10.100,0.09749455004930496
00:00:10.110,0.12236746400594713
00:00:10.120,0.11619462817907332
00:00:10.130,0.11946260184049606
00:00:10.140,0.13997821509838104
00:00:10.150,0.09694989025592805
00:00:10.160,0.1205519214272499
00:00:10.170,0.11328975856304167
00:00:10.180,0.09277414530515671
00:00:10.190,0.08732752501964569
00:00:10.200,0.08333333581686019
00:00:10.210,0.08496732264757155
00:00:10.220,0.07244008779525757
00:00:10.230,0.07952069491147995
00:00:10.240,0.08641975373029709
00:00:10.250,0.07933914661407471
00:00:10.260,0.07425563037395477
00:00:10.270,0.08333333581686019
00:00:10.280,0.024872912093997
00:00:10.290,0.017247639596462246
00:00:10.300,0.20769789814949036
00:00:10.310,0.5301379561424255
00:00:10.320,1.0
00:00:10.330,0.9248365759849548
00:00:10.340,0.4413580298423767
00:00:10.350,0.0
00:00:10.360,0.022512707859277725
00:00:10.370,0.07461873441934586
00:00:10.380,0.11002178490161896
00:00:10.390,0.1227305755019188
00:00:10.400,0.1013071909546852
00:00:10.410,0.11365287005901337
00:00:10.420,0.10856935381889345
00:00:10.430,0.11855483055114746
00:00:10.440,0.11456064134836196
00:00:10.450,0.13162672519683835
00:00:10.460,0.13380537927150726
00:00:10.470,0.1425199657678604
00:00:10.480,0.15395787358283997
00:00:10.490,0.15214233100414276
00:00:10.500,0.163035586476326
00:00:10.510,0.16594044864177704
00:00:10.520,0.1926289051771164
00:00:10.530,0.20025417208671567
00:00:10.540,0.2182280272245407
00:00:10.550,0.24037763476371765
00:00:10.560,0.26724764704704285
00:00:10.570,0.3070079982280731
00:00:10.580,0.3224400877952576
00:00:10.590,0.3331517875194549
00:00:10.600,0.3503994047641754
00:00:10.610,0.3589324653148651
00:00:10.620,0.3471314311027527
00:00:10.630,0.0
00:00:10.640,0.0
00:00:10.650,0.0
00:00:10.660,0.0
00:00:10.670,0.0
00:00:10.680,0.0
00:00:10.690,0.0
00:00:10.700,0.0
00:00:10.710,0.0
00:00:10.720,0.0
00:00:10.730,0.0
00:00:10.740,0.0
00:00:10.750,0.0
00:00:10.760,0.0
00:00:10.770,0.0
00:00:10.780,0.0
00:00:10.790,0.0
00:00:10.800,0.0
00:00:10.810,0.0
00:00:10.820,0.0
00:00:10.830,0.0
00:00:10.840,0.0
00:00:10.850,0.0
00:00:10.860,0.0
00:00:10.870,0.0
00:00:10.880,0.0
00:00:10.890,0.0
00:00:10.900,0.0
00:00:10.910,0.0
00:00:10.920,0.0
00:00:10.930,0.0
00:00:10.940,0.0
00:00:10.950,0.0
00:00:10.960,0.0
00:00:10.970,0.0
00:00:10.980,0.0
00:00:10.990,0.0
00:00:11.000,0.0
00:00:11.010,0.0
00:00:11.020,0.0
00:00:11.030,0.0
00:00:11.040,0.0
00:00:11.050,0.0
00:00:11.060,0.0
00:00:11.070,0.0
00:00:11.080,0.0
00:00:11.090,0.0
00:00:11.100,0.0
00:00:11.110,0.0
00:00:11.120,0.0
00:00:11.130,0.0
00:00:11.140,0.0
00:00:11.150,0.0
00:00:11.160,0.0
00:00:11.170,0.0
00:00:11.180,0.0
00:00:11.190,0.0
00:00:11.200,0.0
00:00:11.210,0.0
00:00:11.220,1.0
00:00:11.230,0.487679660320282
00:00:11.240,0.1143052726984024
00:00:11.250,0.0
00:00:11.260,0.030116358771920204
00:00:11.270,0.06502395868301392
00:00:11.280,0.06091718003153801
00:00:11.290,0.050992470234632485
00:00:11.300,0.0533880889415741
00:00:11.310,0.051676932722330086
00:00:11.320,0.058863792568445206
00:00:11.330,0.0561259426176548
00:00:11.340,0.0581793300807476
00:00:11.350,0.06810403615236281
00:00:11.360,0.06570842117071152
00:00:11.370,0.07118412107229233
00:00:11.380,0.07837098091840744
00:00:11.390,0.08076659590005873
00:00:11.400,0.09171800315380096
00:00:11.410,0.09411361813545228
00:00:11.420,0.1122518852353096
00:00:11.430,0.1344969272613525
00:00:11.440,0.14168377220630643
00:00:11.450,0.15434633195400238
00:00:11.460,0.18240930140018463
00:00:11.470,0.1998631060123444
00:00:11.480,0.23648186028003687
00:00:11.490,0.2635181248188019
00:00:11.500,0.290554404258728
00:00:11.510,0.31040382385253906
00:00:11.520,0.3302532434463501
00:00:11.530,0.33572894334793085
00:00:11.540,0.3234086334705353
00:00:11.550,0.276865154504776
00:00:11.560,0.2310061603784561
00:00:11.570,0.18275153636932373
00:00:11.580,0.14750170707702637
00:00:11.590,0.1197809725999832
00:00:11.600,0.09958932548761368
00:00:11.610,0.09274469316005705
00:00:11.620,0.08076659590005873
00:00:11.630,0.07973990589380264
00:00:11.640,0.07665982097387315
00:00:11.650,0.07529089599847794
00:00:11.660,0.07529089599847794
00:00:11.670,0.07768651843070982
00:00:11.680,0.07529089599847794
00:00:11.690,0.07802874594926834
00:00:11.700,0.07700205594301222
00:00:11.710,0.07426420599222182
00:00:11.720,0.07734428346157075
00:00:11.730,0.07905544340610504
00:00:11.740,0.08042436838150024
00:00:11.750,0.08521560579538345
00:00:11.760,0.07631759345531462
00:00:11.770,0.07529089599847794
00:00:11.780,0.08761122822761534
00:00:11.790,0.08384668081998825
00:00:11.800,0.08213552087545395
00:00:11.810,0.08145105838775633
00:00:11.820,0.08042436838150024
00:00:11.830,0.08350444585084915
00:00:11.840,0.08213552087545395
00:00:11.850,0.07802874594926834
00:00:11.860,0.07871320843696594
00:00:11.870,0.07973990589380264
00:00:11.880,0.07665982097387315
00:00:11.890,0.07837098091840744
00:00:11.900,0.07665982097387315
00:00:11.910,0.07494866847991942
00:00:11.920,0.07700205594301222
00:00:11.930,0.08281998336315155
00:00:11.940,0.07323750853538513
00:00:11.950,0.07597535848617554
00:00:11.960,0.07768651843070982
00:00:11.970,0.07460643351078033
00:00:11.980,0.07700205594301222
00:00:11.990,0.07426420599222182
00:00:12.000,0.07460643351078033
00:00:12.010,0.06810403615236281
00:00:12.020,0.07392197102308273
00:00:12.030,0.07152634859085083
00:00:12.040,0.06741957366466522
00:00:12.050,0.07529089599847794
00:00:12.060,0.07563313096761702
00:00:12.070,0.06707734614610672
00:00:12.080,0.07426420599222182
00:00:12.090,0.07289527356624603
00:00:12.100,0.07049965858459473
00:00:12.110,0.07597535848617554
00:00:12.120,0.07426420599222182
00:00:12.130,0.07357974350452422
00:00:12.140,0.07734428346157075
00:00:12.150,0.07323750853538513
00:00:12.160,0.07460643351078033
00:00:12.170,0.07700205594301222
00:00:12.180,0.08110883086919785
00:00:12.190,0.07939767092466353
00:00:12.200,0.07255304604768753
00:00:12.210,0.07700205594301222
00:00:12.220,0.08487337082624435
00:00:12.230,0.07357974350452422
00:00:12.240,0.07905544340610504
00:00:12.250,0.08384668081998825
00:00:12.260,0.07871320843696594
00:00:12.270,0.08213552087545395
00:00:12.280,0.07597535848617554
00:00:12.290,0.10095825046300888
00:00:12.300,0.1156741976737976
00:00:12.310,0.12217659503221512
00:00:12.320,0.13860370218753815
00:00:12.330,0.14613278210163116
00:00:12.340,0.15331964194774628
00:00:12.350,0.15571525692939758
00:00:12.360,0.12936344742774963
00:00:12.370,0.12799452245235443
00:00:12.380,0.1139630377292633
00:00:12.390,0.09822040051221848
00:00:12.400,0.08590006828308105
00:00:12.410,0.07494866847991942
00:00:12.420,0.07152634859085083
00:00:12.430,0.06981519609689713
00:00:12.440,0.059206023812294006
00:00:12.450,0.00273785088211298
00:00:12.460,0.03935660421848297
00:00:12.470,0.24435319006443024
00:00:12.480,0.6026694178581238
00:00:12.490,0.9941820502281189
00:00:12.500,0.7310061454772949
00:00:12.510,0.36002737283706665
00:00:12.520,0.059206023812294006
00:00:12.530,0.02224503830075264
00:00:12.540,0.06844627112150192
00:00:12.550,0.08966461569070816
00:00:12.560,0.08281998336315155
00:00:12.570,0.08042436838150024
00:00:12.580,0.07905544340610504
00:00:12.590,0.08179329335689545
00:00:12.600,0.08624230325222014
00:00:12.610,0.08521560579538345
00:00:12.620,0.08692676573991774
00:00:12.630,0.09445585310459137
00:00:12.640,0.10164271295070648
00:00:12.650,0.10403832793235777
00:00:12.660,0.11738535016775133
00:00:12.670,0.118412047624588
00:00:12.680,0.13004791736602783
00:00:12.690,0.13723477721214294
00:00:12.700,0.14955510199069977
00:00:12.710,0.158453106880188
00:00:12.720,0.17590691149234772
00:00:12.730,0.19404517114162445
00:00:12.740,0.0
00:00:12.750,0.0
00:00:12.760,0.0
00:00:12.770,0.0
00:00:12.780,0.0
00:00:12.790,0.0
00:00:12.800,0.0
00:00:12.810,0.0
00:00:12.820,0.0
00:00:12.830,0.0
00:00:12.840,0.0
00:00:12.850,0.0
00:00:12.860,0.0
00:00:12.870,0.0
00:00:12.880,0.0
00:00:12.890,0.0
00:00:12.900,0.0
00:00:12.910,0.0
00:00:12.920,0.0
00:00:12.930,0.0
00:00:12.940,0.0
00:00:12.950,0.0
00:00:12.960,0.0
00:00:12.970,0.0
00:00:12.980,0.0
00:00:12.990,0.0
00:00:13.000,0.0
00:00:13.010,0.0
00:00:13.020,0.0
00:00:13.030,0.0
00:00:13.040,0.0
00:00:13.050,0.0
00:00:13.060,0.0
00:00:13.070,0.0
00:00:13.080,0.0
00:00:13.090,1.0
00:00:13.100,0.46038070321083063
00:00:13.110,0.12217795848846436
00:00:13.120,0.009296149015426637
00:00:13.130,0.1257193386554718
00:00:13.140,0.22000885009765625
00:00:13.150,0.2673749327659607
00:00:13.160,0.262948215007782
00:00:13.170,0.2602921724319458
00:00:13.180,0.27401503920555115
00:00:13.190,0.2819831669330597
00:00:13.200,0.2819831669330597
00:00:13.210,0.2965914011001587
00:00:13.220,0.2957060635089874
00:00:13.230,0.3014608323574066
00:00:13.240,0.3098716139793396
00:00:13.250,0.31651172041893005
00:00:13.260,0.31916776299476624
00:00:13.270,0.3156263828277588
00:00:13.280,0.32270917296409607
00:00:13.290,0.3435148298740387
00:00:13.300,0.36609119176864624
00:00:13.310,0.3820274472236633
00:00:13.320,0.3970783650875092
00:00:13.330,0.41301462054252625
00:00:13.340,0.43957504630088806
00:00:13.350,0.47277557849884033
00:00:13.360,0.49889332056045527
00:00:13.370,0.525896430015564
00:00:13.380,0.5542275309562683
00:00:13.390,0.5807879567146301
00:00:13.400,0.5900841355323792
00:00:13.410,0.5922974944114685
00:00:13.420,0.587428092956543
00:00:13.430,0.5661797523498535
00:00:13.440,0.5254537463188171
00:00:13.450,0.4763169586658478
00:00:13.460,0.43116423487663275
00:00:13.470,0.3864541947841644
00:00:13.480,0.3466135561466217
00:00:13.490,0.3169544041156769
00:00:13.500,0.2992474436759949
00:00:13.510,0.2926073372364044
00:00:13.520,0.2802124917507172
00:00:13.530,0.27091634273529047
00:00:13.540,0.262948215007782
00:00:13.550,0.26250553131103516
00:00:13.560,0.2602921724319458
00:00:13.570,0.26073482632637024
00:00:13.580,0.26117751002311707
00:00:13.590,0.2602921724319458
00:00:13.600,0.25896415114402765
00:00:13.610,0.2594068050384521
00:00:13.620,0.2576361298561096
00:00:13.630,0.25807878375053406
00:00:13.640,0.26383355259895325
00:00:13.650,0.2576361298561096
00:00:13.660,0.2576361298561096
00:00:13.670,0.2470119595527649
00:00:13.680,0.24037185311317444
00:00:13.690,0.23904383182525635
00:00:13.700,0.23771581053733823
00:00:13.710,0.23638778924942017
00:00:13.720,0.23505976796150208
00:00:13.730,0.24169987440109247
00:00:13.740,0.24169987440109247
00:00:13.750,0.24302789568901065
00:00:13.760,0.24214254319667816
00:00:13.770,0.24037185311317444
00:00:13.780,0.23727312684059143
00:00:13.790,0.24347056448459625
00:00:13.800,0.24214254319667816
00:00:13.810,0.22487826645374295
00:00:13.820,0.22133687138557437
00:00:13.830,0.21868082880973813
00:00:13.840,0.21425409615039823
00:00:13.850,0.2222222238779068
00:00:13.860,0.22133687138557437
00:00:13.870,0.21336874365806577
00:00:13.880,0.2089420109987259
00:00:13.890,0.2107127010822296
00:00:13.900,0.21425409615039823
00:00:13.910,0.2107127010822296
00:00:13.920,0.20982736349105835
00:00:13.930,0.210270032286644
00:00:13.940,0.21735280752182007
00:00:13.950,0.22045153379440308
00:00:13.960,0.21823816001415247
00:00:13.970,0.21691013872623444
00:00:13.980,0.21691013872623444
00:00:13.990,0.21159805357456207
00:00:14.000,0.20628596842288968
00:00:14.010,0.20584329962730408
00:00:14.020,0.20628596842288968
00:00:14.030,0.20097388327121732
00:00:14.040,0.2040725946426392
00:00:14.050,0.204515278339386
00:00:14.060,0.2049579471349716
00:00:14.070,0.21425409615039823
00:00:14.080,0.2146967649459839
00:00:14.090,0.20982736349105835
00:00:14.100,0.22664895653724673
00:00:14.110,0.2660469114780426
00:00:14.120,0.24391323328018188
00:00:14.130,0.24612660706043243
00:00:14.140,0.21735280752182007
00:00:14.150,0.21425409615039823
00:00:14.160,0.19964586198329923
00:00:14.170,0.20672863721847531
00:00:14.180,0.19477644562721247
00:00:14.190,0.1903497129678726
00:00:14.200,0.18857902288436887
00:00:14.210,0.1903497129678726
00:00:14.220,0.19477644562721247
00:00:14.230,0.19123506546020508
00:00:14.240,0.1903497129678726
00:00:14.250,0.19743248820304873
00:00:14.260,0.19212040305137637
00:00:14.270,0.18415227532386777
00:00:14.280,0.2151394486427307
00:00:14.290,0.3678618967533112
00:00:14.300,0.5772465467453003
00:00:14.310,0.8959716558456419
00:00:14.320,0.9362549781799315
00:00:14.330,0.37760069966316223
00:00:14.340,0.07658255845308304
00:00:14.350,0.0
00:00:14.360,0.12350597977638245
00:00:14.370,0.210270032286644
00:00:14.380,0.25320938229560846
00:00:14.390,0.26560425758361816
00:00:14.400,0.27180168032646174
00:00:14.410,0.277556449174881
00:00:14.420,0.2793271243572235
00:00:14.430,0.27401503920555115
00:00:14.440,0.2766710817813873
00:00:14.450,0.27135899662971497
00:00:14.460,0.27268701791763306
00:00:14.470,0.2806551456451416
00:00:14.480,0.2810978293418884
00:00:14.490,0.2833111882209778
00:00:14.500,0.2926073372364044
00:00:14.510,0.3014608323574066
00:00:14.520,0.32359451055526733
00:00:14.530,0.332890659570694
00:00:14.540,0.350597620010376
00:00:14.550,0.0
00:00:14.560,0.0
00:00:14.570,0.0
00:00:14.580,0.0
00:00:14.590,0.0
00:00:14.600,0.0
00:00:14.610,0.0
00:00:14.620,0.0
00:00:14.630,0.0
00:00:14.640,0.0
00:00:14.650,0.0
00:00:14.660,0.0
00:00:14.670,0.0
00:00:14.680,0.0
00:00:14.690,0.0
00:00:14.700,0.0
00:00:14.710,0.0
00:00:14.720,0.0
00:00:14.730,0.0
00:00:14.740,0.0
00:00:14.750,0.0
00:00:14.760,0.0
00:00:14.770,0.0
00:00:14.780,0.0
00:00:14.790,0.0
00:00:14.800,0.0
00:00:14.810,0.0
00:00:14.820,0.0
00:00:14.830,0.0
00:00:14.840,0.0
00:00:14.850,0.0
00:00:14.860,0.0
00:00:14.870,0.0
00:00:14.880,0.0
00:00:14.890,0.0
00:00:14.900,0.0
00:00:14.910,0.0
00:00:14.920,0.0
00:00:14.930,0.0
00:00:14.940,0.0
00:00:14.950,0.0
00:00:14.960,1.0
00:00:14.970,0.7551020383834839
00:00:14.980,0.1351161152124405
00:00:14.990,0.0
00:00:15.000,0.2857142984867096
00:00:15.010,0.33145672082901
00:00:15.020,0.2568613588809967
00:00:15.030,0.2582688331604004
00:00:15.040,0.253342717885971
00:00:15.050,0.27726954221725464
00:00:15.060,0.2371569275856018
00:00:15.070,0.19704432785511017
00:00:15.080,0.2343420088291168
00:00:15.090,0.1928219497203827
00:00:15.100,0.24700914323329923
00:00:15.110,0.1639690399169922
00:00:15.120,0.16045038402080536
00:00:15.130,0.24489796161651609
00:00:15.140,0.2160450369119644
00:00:15.150,0.23645320534706116
00:00:15.160,0.23926812410354611
00:00:15.170,0.2188599556684494
00:00:15.180,0.20900774002075195
00:00:15.190,0.2188599556684494
00:00:15.200,0.25615763664245605
00:00:15.210,0.2596762776374817
00:00:15.220,0.2793807089328766
00:00:15.230,0.28641802072525024
00:00:15.240,0.2843068242073059
00:00:15.250,0.35256862640380854
00:00:15.260,0.35960590839385986
00:00:15.270,0.3842364549636841
00:00:15.280,0.4102744460105896
00:00:15.290,0.34271639585494995
00:00:15.300,0.35608726739883423
00:00:15.310,0.26812103390693665
00:00:15.320,0.273047149181366
00:00:15.330,0.19563686847686768
00:00:15.340,0.21745249629020688
00:00:15.350,0.1731175184249878
00:00:15.360,0.19211822748184204
00:00:15.370,0.15270936489105225
00:00:15.380,0.18367347121238708
00:00:15.390,0.14848698675632477
00:00:15.400,0.16537649929523468
00:00:15.410,0.18930330872535703
00:00:15.420,0.13652357459068298
00:00:15.430,0.21393385529518127
00:00:15.440,0.15341308712959287
00:00:15.450,0.18085855245590207
00:00:15.460,0.15130190551280975
00:00:15.470,0.16748768091201782
00:00:15.480,0.16467276215553284
00:00:15.490,0.1548205465078354
00:00:15.500,0.15130190551280975
00:00:15.510,0.20408163964748385
00:00:15.520,0.17593243718147275
00:00:15.530,0.16185784339904785
00:00:15.540,0.19141449034214017
00:00:15.550,0.19352568686008453
00:00:15.560,0.15763546526432037
00:00:15.570,0.15341308712959287
00:00:15.580,0.21674877405166623
00:00:15.590,0.13018999993801117
00:00:15.600,0.22308233380317688
00:00:15.610,0.21674877405166623
00:00:15.620,0.2638986706733704
00:00:15.630,0.33216044306755066
00:00:15.640,0.3040112555027008
00:00:15.650,0.2920478582382202
00:00:15.660,0.37227305769920344
00:00:15.670,0.3736805021762848
00:00:15.680,0.2962702214717865
00:00:15.690,0.19071076810359955
00:00:15.700,0.203377902507782
00:00:15.710,0.19071076810359955
00:00:15.720,0.1548205465078354
00:00:15.730,0.09641097486019135
00:00:15.740,0.13018999993801117
00:00:15.750,0.10204081982374193
00:00:15.760,0.1266713589429855
00:00:15.770,0.09359605610370639
00:00:15.780,0.11118930578231812
00:00:15.790,0.0731878951191902
00:00:15.800,0.15622800588607788
00:00:15.810,0.05418719351291656
00:00:15.820,0.3082336485385895
00:00:15.830,0.8444757461547852
00:00:15.840,0.6213933825492859
00:00:15.850,0.16256158053874967
00:00:15.860,0.03237156942486763
00:00:15.870,0.2343420088291168
00:00:15.880,0.24841660261154172
00:00:15.890,0.16467276215553284
00:00:15.900,0.16959887742996216
00:00:15.910,0.14215341210365295
00:00:15.920,0.19915552437305448
00:00:15.930,0.15552428364753723
00:00:15.940,0.1541168242692947
00:00:15.950,0.14707952737808228
00:00:15.960,0.1541168242692947
00:00:15.970,0.13652357459068298
00:00:15.980,0.19845178723335263
00:00:15.990,0.10978184640407562
00:00:16.000,0.14707952737808228
00:00:16.010,0.0
00:00:16.020,0.0
00:00:16.030,0.0
00:00:16.040,0.0
00:00:16.050,0.0
00:00:16.060,0.0
00:00:16.070,0.0
00:00:16.080,0.0
00:00:16.090,0.0
00:00:16.100,0.0
00:00:16.110,0.0
00:00:16.120,0.0
00:00:16.130,0.0
00:00:16.140,0.0
00:00:16.150,0.0
00:00:16.160,0.0
00:00:16.170,0.0
00:00:16.180,0.0
00:00:16.190,0.0
00:00:16.200,0.0
00:00:16.210,0.0
00:00:16.220,0.0
00:00:16.230,0.0
00:00:16.240,0.0
00:00:16.250,0.0
00:00:16.260,0.0
00:00:16.270,0.0
00:00:16.280,0.0
00:00:16.290,0.0
00:00:16.300,0.0
00:00:16.310,0.0
00:00:16.320,0.0
00:00:16.330,0.0
00:00:16.340,0.0
00:00:16.350,0.0
00:00:16.360,0.0
00:00:16.370,0.0
00:00:16.380,0.0
00:00:16.390,0.0
00:00:16.400,0.0
00:00:16.410,0.0
00:00:16.420,0.0
00:00:16.430,0.0
00:00:16.440,0.0
00:00:16.450,0.0
00:00:16.460,0.0
00:00:16.470,0.0
00:00:16.480,0.0
00:00:16.490,0.0
00:00:16.500,0.0
00:00:16.510,0.0
00:00:16.520,0.0
00:00:16.530,0.0
00:00:16.540,0.0
00:00:16.550,0.0
00:00:16.560,0.0
00:00:16.570,0.0
00:00:16.580,0.0
00:00:16.590,0.0
00:00:16.600,0.0
00:00:16.610,0.0
00:00:16.620,0.0
00:00:16.630,0.0
00:00:16.640,0.0
00:00:16.650,0.0
00:00:16.660,0.0
00:00:16.670,0.0
00:00:16.680,0.0
00:00:16.690,0.0
00:00:16.700,0.0
00:00:16.710,0.0
00:00:16.720,0.0
00:00:16.730,0.0
00:00:16.740,0.0
00:00:16.750,0.0
00:00:16.760,0.0
00:00:16.770,0.0
00:00:16.780,0.0
00:00:16.790,0.0
00:00:16.800,0.0
00:00:16.810,0.0
00:00:16.820,0.0
00:00:16.830,1.0
00:00:16.840,0.7061759233474731
00:00:16.850,0.3231441080570221
00:00:16.860,0.10168433934450148
00:00:16.870,0.013724266551434992
00:00:16.880,0.22270742058753967
00:00:16.890,0.2857142984867096
00:00:16.900,0.2956955730915069
00:00:16.910,0.32501560449600214
00:00:16.920,0.35059264302253723
00:00:16.930,0.3611977398395538
00:00:16.940,0.3699313700199127
00:00:16.950,0.36868372559547424
00:00:16.960,0.37429818511009216
00:00:16.970,0.3842794895172119
00:00:16.980,0.38303181529045105
00:00:16.990,0.3817841410636902
00:00:17.000,0.3942607641220093
00:00:17.010,0.4054897129535675
00:00:17.020,0.41796630620956415
00:00:17.030,0.4329382479190826
00:00:17.040,0.4522769749164581
00:00:17.050,0.471615731716156
00:00:17.060,0.4990642666816712
00:00:17.070,0.5396132469177246
00:00:17.080,0.5807860493659973
00:00:17.090,0.6207111477851868
00:00:17.100,0.645664393901825
00:00:17.110,0.6805988550186157
00:00:17.120,0.6974422931671144
00:00:17.130,0.7043044567108153
00:00:17.140,0.6887086629867554
00:00:17.150,0.65751713514328
00:00:17.160,0.5907673239707947
00:00:17.170,0.5177791714668274
00:00:17.180,0.46163442730903625
00:00:17.190,0.40923267602920527
00:00:17.200,0.3718028664588928
00:00:17.210,0.34497815370559687
00:00:17.220,0.33312538266181946
00:00:17.230,0.3231441080570221
00:00:17.240,0.3194011151790619
00:00:17.250,0.31191515922546387
00:00:17.260,0.3181534707546234
00:00:17.270,0.3144104778766632
00:00:17.280,0.31129133701324463
00:00:17.290,0.3156581521034241
00:00:17.300,0.3194011151790619
00:00:17.310,0.3194011151790619
00:00:17.320,0.31004366278648376
00:00:17.330,0.3125389814376831
00:00:17.340,0.3194011151790619
00:00:17.350,0.321272611618042
00:00:17.360,0.32376793026924133
00:00:17.370,0.3262632489204407
00:00:17.380,0.3231441080570221
00:00:17.390,0.32064878940582275
00:00:17.400,0.3144104778766632
00:00:17.410,0.32501560449600214
00:00:17.420,0.32189643383026123
00:00:17.430,0.31628197431564326
00:00:17.440,0.3144104778766632
00:00:17.450,0.3169057965278625
00:00:17.460,0.30068621039390564
00:00:17.470,0.29507175087928766
00:00:17.480,0.2981908917427063
00:00:17.490,0.3050530254840851
00:00:17.500,0.29694321751594543
00:00:17.510,0.2956955730915069
00:00:17.520,0.29631939530372614
00:00:17.530,0.29008108377456665
00:00:17.540,0.28321895003318787
00:00:17.550,0.3000623881816864
00:00:17.560,0.2913287580013275
00:00:17.570,0.2907049357891083
00:00:17.580,0.285090446472168
00:00:17.590,0.27947598695755005
00:00:17.600,0.28633812069892883
00:00:17.610,0.28072363138198847
00:00:17.620,0.28696194291114807
00:00:17.630,0.2769806683063507
00:00:17.640,0.27947598695755005
00:00:17.650,0.2769806683063507
00:00:17.660,0.28321895003318787
00:00:17.670,0.28259512782096863
00:00:17.680,0.2732376754283905
00:00:17.690,0.2782283127307892
00:00:17.700,0.2956955730915069
00:00:17.710,0.2944478988647461
00:00:17.720,0.3087960183620453
00:00:17.730,0.31503430008888245
00:00:17.740,0.29507175087928766
00:00:17.750,0.2888334393501282
00:00:17.760,0.2751091718673706
00:00:17.770,0.2769806683063507
00:00:17.780,0.27261385321617126
00:00:17.790,0.2701185345649719
00:00:17.800,0.2551465928554535
00:00:17.810,0.23206487298011777
00:00:17.820,0.23767934739589688
00:00:17.830,0.243293821811676
00:00:17.840,0.25202745199203486
00:00:17.850,0.2526512742042541
00:00:17.860,0.2557704448699951
00:00:17.870,0.24641297757625577
00:00:17.880,0.2526512742042541
00:00:17.890,0.3537117838859558
00:00:17.900,0.41547098755836487
00:00:17.910,0.5233936309814453
00:00:17.920,0.898315668106079
00:00:17.930,0.9270118474960328
00:00:17.940,0.43792888522148127
00:00:17.950,0.2145976275205612
00:00:17.960,0.0
00:00:17.970,0.027448533102869987
00:00:17.980,0.21771678328514096
00:00:17.990,0.2501559555530548
00:00:18.000,0.26138490438461304
00:00:18.010,0.2763568162918091
00:00:18.020,0.3038053512573242
00:00:18.030,0.29694321751594543
00:00:18.040,0.3038053512573242
00:00:18.050,0.29507175087928766
00:00:18.060,0.31628197431564326
00:00:18.070,0.3194011151790619
00:00:18.080,0.310667484998703
00:00:18.090,0.32439175248146057
00:00:18.100,0.3431066870689392
00:00:18.110,0.3443543314933777
00:00:18.120,0.3555832803249359
00:00:18.130,0.3643169105052948
00:00:18.140,0.3811603188514709
00:00:18.150,0.0
00:00:18.160,0.0
00:00:18.170,0.0
00:00:18.180,0.0
00:00:18.190,0.0
00:00:18.200,0.0
00:00:18.210,0.0
00:00:18.220,0.0
00:00:18.230,0.0
00:00:18.240,0.0
00:00:18.250,0.0
00:00:18.260,0.0
00:00:18.270,0.0
00:00:18.280,0.0
00:00:18.290,0.0
00:00:18.300,0.0
00:00:18.310,0.0
00:00:18.320,0.0
00:00:18.330,0.0
00:00:18.340,0.0
00:00:18.350,0.0
00:00:18.360,0.0
00:00:18.370,0.0
00:00:18.380,0.0
00:00:18.390,0.0
00:00:18.400,0.0
00:00:18.410,0.0
00:00:18.420,0.0
00:00:18.430,0.0
00:00:18.440,0.0
00:00:18.450,0.0
00:00:18.460,0.0
00:00:18.470,0.0
00:00:18.480,0.0
00:00:18.490,0.0
00:00:18.500,0.0
00:00:18.510,0.0
00:00:18.520,0.0
00:00:18.530,0.0
00:00:18.540,0.0
00:00:18.550,0.0
00:00:18.560,0.0
00:00:18.570,0.0
00:00:18.580,0.0
00:00:18.590,0.0
00:00:18.600,0.0
00:00:18.610,0.0
00:00:18.620,0.0
00:00:18.630,0.0
00:00:18.640,0.0
00:00:18.650,0.0
00:00:18.660,0.0
00:00:18.670,0.0
00:00:18.680,0.0
00:00:18.690,0.0
